"stock_name,circuit_limit"
"21STCENMGM,"
"21STCENMGM,"
"21STCENMGM,"
"21STCENMGM,"
"21STCENMGM,"
"21STCENMGM,"
"21STCENMGM,"
"21STCENMGM,"
"21STCENMGM,"
"21STCENMGM,"
"21STCENMGM,"
"21STCENMGM,"
"21STCENMGM,"
"21STCENMGM,"
"21STCENMGM,"
"21STCENMGM,"
"21STCENMGM,"
"21STCENMGM,"
"21STCENMGM,"
"21STCENMGM,"
"21STCENMGM,"
"21STCENMGM,"
"21STCENMGM,"
"21STCENMGM,"
"21STCENMGM,"
"21STCENMGM,"
"21STCENMGM,"
"21STCENMGM,"
"21STCENMGM,"
"21STCENMGM,"
"21STCENMGM,"
"21STCENMGM,"
"21STCENMGM,"
"21STCENMGM,"
"21STCENMGM,"
"21STCENMGM,"
"21STCENMGM,"
"21STCENMGM,"
"21STCENMGM,"
"21STCENMGM,"
"21STCENMGM,"
"21STCENMGM,"
"21STCENMGM,"
"21STCENMGM,"
"21STCENMGM,"
"21STCENMGM,"
"21STCENMGM,"
"21STCENMGM,"
"21STCENMGM,"
"21STCENMGM,"
"21STCENMGM,"
"21STCENMGM,"
"21STCENMGM,"
"21STCENMGM,"
"21STCENMGM,"
"21STCENMGM,"
"21STCENMGM,"
"21STCENMGM,"
"21STCENMGM,"
"21STCENMGM,"
"21STCENMGM,"
"21STCENMGM,"
"21STCENMGM,"
"21STCENMGM,"
"21STCENMGM,"
"21STCENMGM,"
"21STCENMGM,"
"21STCENMGM,"
"21STCENMGM,"
"21STCENMGM,"
"21STCENMGM,"
"21STCENMGM,"
"21STCENMGM,"
"21STCENMGM,"
"21STCENMGM,"
"21STCENMGM,"
"21STCENMGM,"
"21STCENMGM,"
"21STCENMGM,"
"21STCENMGM,"
"21STCENMGM,"
"21STCENMGM,"
"21STCENMGM,"
"21STCENMGM,"
"21STCENMGM,"
"21STCENMGM,"
"21STCENMGM,"
"21STCENMGM,"
"21STCENMGM,"
"21STCENMGM,"
"21STCENMGM,"
"21STCENMGM,"
"21STCENMGM,"
"21STCENMGM,"
"21STCENMGM,"
"21STCENMGM,"
"21STCENMGM,"
"21STCENMGM,"
"21STCENMGM,"
"21STCENMGM,"
"21STCENMGM,"
"21STCENMGM,"
"21STCENMGM,"
"21STCENMGM,"
"21STCENMGM,"
"21STCENMGM,"
"21STCENMGM,"
"21STCENMGM,"
"21STCENMGM,"
"21STCENMGM,"
"21STCENMGM,"
"21STCENMGM,"
"21STCENMGM,"
"21STCENMGM,"
"21STCENMGM,"
"21STCENMGM,"
"21STCENMGM,"
"21STCENMGM,"
"21STCENMGM,"
"21STCENMGM,"
"21STCENMGM,"
"21STCENMGM,"
"21STCENMGM,"
"21STCENMGM,"
"21STCENMGM,"
"21STCENMGM,"
"21STCENMGM,"
"21STCENMGM,"
"21STCENMGM,"
"21STCENMGM,"
"21STCENMGM,"
"21STCENMGM,"
"21STCENMGM,"
"21STCENMGM,"
"21STCENMGM,"
"21STCENMGM,"
"21STCENMGM,"
"21STCENMGM,"
"21STCENMGM,"
"21STCENMGM,"
"21STCENMGM,"
"21STCENMGM,"
"21STCENMGM,"
"21STCENMGM,"
"21STCENMGM,"
"21STCENMGM,"
"21STCENMGM,"
"21STCENMGM,"
"21STCENMGM,"
"21STCENMGM,"
"21STCENMGM,"
"21STCENMGM,"
"21STCENMGM,"
"21STCENMGM,"
"21STCENMGM,"
"21STCENMGM,"
"21STCENMGM,"
"21STCENMGM,"
"21STCENMGM,"
"21STCENMGM,"
"21STCENMGM,"
"21STCENMGM,"
"21STCENMGM,"
"21STCENMGM,"
"21STCENMGM,"
"21STCENMGM,"
"21STCENMGM,"
"21STCENMGM,"
"21STCENMGM,"
"21STCENMGM,"
"21STCENMGM,"
"21STCENMGM,"
"21STCENMGM,"
"21STCENMGM,"
"21STCENMGM,"
"21STCENMGM,"
"21STCENMGM,"
"21STCENMGM,"
"21STCENMGM,"
"21STCENMGM,"
"21STCENMGM,"
"21STCENMGM,"
"21STCENMGM,"
"21STCENMGM,"
"21STCENMGM,"
"21STCENMGM,"
"21STCENMGM,"
"21STCENMGM,"
"21STCENMGM,"
"21STCENMGM,"
"21STCENMGM,"
"21STCENMGM,"
"21STCENMGM,"
"21STCENMGM,"
"21STCENMGM,"
"21STCENMGM,"
"21STCENMGM,"
"21STCENMGM,"
"21STCENMGM,"
"21STCENMGM,"
"21STCENMGM,"
"21STCENMGM,"
"21STCENMGM,"
"21STCENMGM,"
"21STCENMGM,"
"21STCENMGM,"
"21STCENMGM,"
"21STCENMGM,"
"21STCENMGM,"
"21STCENMGM,"
"21STCENMGM,"
"21STCENMGM,"
"21STCENMGM,"
"21STCENMGM,"
"21STCENMGM,"
"21STCENMGM,"
"21STCENMGM,"
"21STCENMGM,"
"21STCENMGM,"
"21STCENMGM,"
"21STCENMGM,"
"21STCENMGM,"
"21STCENMGM,"
"21STCENMGM,"
"21STCENMGM,"
"21STCENMGM,"
"21STCENMGM,"
"21STCENMGM,"
"21STCENMGM,"
"21STCENMGM,"
"21STCENMGM,"
"21STCENMGM,"
"21STCENMGM,"
"21STCENMGM,"
"21STCENMGM,"
"21STCENMGM,"
"21STCENMGM,"
"21STCENMGM,"
"21STCENMGM,"
"21STCENMGM,"
"21STCENMGM,"
"21STCENMGM,"
"21STCENMGM,"
"21STCENMGM,"
"21STCENMGM,"
"21STCENMGM,"
"21STCENMGM,"
"21STCENMGM,"
"21STCENMGM,"
"21STCENMGM,"
"21STCENMGM,"
"21STCENMGM,"
"21STCENMGM,"
"21STCENMGM,"
"21STCENMGM,"
"21STCENMGM,"
"21STCENMGM,"
"21STCENMGM,"
"21STCENMGM,"
"21STCENMGM,"
"21STCENMGM,"
"21STCENMGM,"
"21STCENMGM,"
"21STCENMGM,"
"21STCENMGM,"
"21STCENMGM,"
"21STCENMGM,"
"21STCENMGM,"
"21STCENMGM,"
"21STCENMGM,"
"21STCENMGM,"
"21STCENMGM,"
"21STCENMGM,"
"21STCENMGM,"
"21STCENMGM,"
"21STCENMGM,"
"21STCENMGM,"
"21STCENMGM,"
"21STCENMGM,"
"21STCENMGM,"
"21STCENMGM,"
"21STCENMGM,"
"21STCENMGM,"
"21STCENMGM,"
"21STCENMGM,"
"21STCENMGM,"
"21STCENMGM,"
"21STCENMGM,"
"21STCENMGM,"
"21STCENMGM,"
"21STCENMGM,"
"21STCENMGM,"
"21STCENMGM,"
"21STCENMGM,"
"21STCENMGM,"
"21STCENMGM,"
"21STCENMGM,"
"21STCENMGM,"
"21STCENMGM,"
"21STCENMGM,"
"21STCENMGM,"
"21STCENMGM,"
"21STCENMGM,"
"21STCENMGM,"
"21STCENMGM,"
"21STCENMGM,"
"21STCENMGM,"
"21STCENMGM,"
"21STCENMGM,"
"21STCENMGM,"
"21STCENMGM,"
"21STCENMGM,"
"21STCENMGM,"
"21STCENMGM,"
"21STCENMGM,"
"21STCENMGM,"
"21STCENMGM,"
"21STCENMGM,"
"21STCENMGM,"
"21STCENMGM,"
"21STCENMGM,"
"21STCENMGM,"
"21STCENMGM,"
"21STCENMGM,"
"21STCENMGM,"
"21STCENMGM,"
"21STCENMGM,"
"21STCENMGM,"
"21STCENMGM,"
"21STCENMGM,"
"21STCENMGM,"
"21STCENMGM,"
"21STCENMGM,"
"21STCENMGM,"
"21STCENMGM,"
"21STCENMGM,"
"21STCENMGM,"
"21STCENMGM,"
"21STCENMGM,"
"21STCENMGM,"
"21STCENMGM,"
"21STCENMGM,"
"21STCENMGM,"
"21STCENMGM,"
"21STCENMGM,"
"21STCENMGM,"
"21STCENMGM,"
"21STCENMGM,"
"21STCENMGM,"
"21STCENMGM,"
"21STCENMGM,"
"21STCENMGM,"
"21STCENMGM,"
"21STCENMGM,"
"21STCENMGM,"
"21STCENMGM,"
"21STCENMGM,"
"21STCENMGM,"
"21STCENMGM,"
"21STCENMGM,"
"21STCENMGM,"
"21STCENMGM,"
"21STCENMGM,"
"21STCENMGM,"
"21STCENMGM,"
"21STCENMGM,"
"21STCENMGM,"
"21STCENMGM,"
"21STCENMGM,"
"21STCENMGM,"
"21STCENMGM,"
"21STCENMGM,"
"21STCENMGM,"
"21STCENMGM,"
"21STCENMGM,"
"21STCENMGM,"
"21STCENMGM,"
"21STCENMGM,"
"21STCENMGM,"
"21STCENMGM,"
"21STCENMGM,"
"21STCENMGM,"
"21STCENMGM,"
"21STCENMGM,"
"21STCENMGM,"
"21STCENMGM,"
"21STCENMGM,"
"21STCENMGM,"
"21STCENMGM,"
"21STCENMGM,"
"21STCENMGM,"
"21STCENMGM,"
"21STCENMGM,"
"21STCENMGM,"
"21STCENMGM,"
"21STCENMGM,"
"21STCENMGM,"
"21STCENMGM,"
"21STCENMGM,"
"21STCENMGM,"
"21STCENMGM,"
"21STCENMGM,"
"21STCENMGM,"
"21STCENMGM,"
"21STCENMGM,"
"21STCENMGM,"
"21STCENMGM,"
"21STCENMGM,"
"21STCENMGM,"
"21STCENMGM,"
"21STCENMGM,"
"21STCENMGM,"
"21STCENMGM,"
"21STCENMGM,"
"21STCENMGM,"
"21STCENMGM,"
"21STCENMGM,"
"21STCENMGM,"
"21STCENMGM,"
"21STCENMGM,"
"21STCENMGM,"
"21STCENMGM,"
"21STCENMGM,"
"21STCENMGM,"
"21STCENMGM,"
"21STCENMGM,"
"21STCENMGM,"
"21STCENMGM,"
"21STCENMGM,"
"21STCENMGM,"
"21STCENMGM,"
"21STCENMGM,"
"21STCENMGM,"
"21STCENMGM,"
"21STCENMGM,"
"21STCENMGM,"
"21STCENMGM,"
"21STCENMGM,"
"21STCENMGM,"
"21STCENMGM,"
"21STCENMGM,"
"21STCENMGM,"
"21STCENMGM,"
"21STCENMGM,"
"21STCENMGM,"
"21STCENMGM,"
"21STCENMGM,"
"21STCENMGM,"
"21STCENMGM,"
"21STCENMGM,"
"21STCENMGM,"
"21STCENMGM,"
"21STCENMGM,"
"21STCENMGM,"
"21STCENMGM,"
"21STCENMGM,"
"21STCENMGM,"
"21STCENMGM,"
"21STCENMGM,"
"21STCENMGM,"
"21STCENMGM,"
"21STCENMGM,"
"21STCENMGM,"
"21STCENMGM,"
"21STCENMGM,"
"21STCENMGM,"
"21STCENMGM,"
"21STCENMGM,"
"21STCENMGM,"
"21STCENMGM,"
"21STCENMGM,"
"21STCENMGM,"
"21STCENMGM,"
"21STCENMGM,"
"21STCENMGM,"
"21STCENMGM,"
"21STCENMGM,"
"21STCENMGM,"
"21STCENMGM,"
"21STCENMGM,"
"21STCENMGM,"
"21STCENMGM,"
"21STCENMGM,"
"21STCENMGM,"
"21STCENMGM,"
"21STCENMGM,"
"21STCENMGM,"
"21STCENMGM,"
"21STCENMGM,"
"21STCENMGM,"
"21STCENMGM,"
"21STCENMGM,"
"21STCENMGM,"
"21STCENMGM,"
"21STCENMGM,"
"21STCENMGM,"
"21STCENMGM,"
"21STCENMGM,"
"21STCENMGM,"
"21STCENMGM,"
"21STCENMGM,"
"21STCENMGM,"
"21STCENMGM,"
"21STCENMGM,"
"21STCENMGM,"
"21STCENMGM,"
"21STCENMGM,"
"21STCENMGM,"
"21STCENMGM,"
"21STCENMGM,"
"21STCENMGM,"
"21STCENMGM,"
"21STCENMGM,"
"21STCENMGM,"
"21STCENMGM,"
"21STCENMGM,"
"21STCENMGM,"
"21STCENMGM,"
"21STCENMGM,"
"21STCENMGM,"
"21STCENMGM,"
"21STCENMGM,"
"21STCENMGM,"
"21STCENMGM,"
"21STCENMGM,"
"21STCENMGM,"
"21STCENMGM,"
"21STCENMGM,"
"21STCENMGM,"
"21STCENMGM,"
"21STCENMGM,"
"21STCENMGM,"
"21STCENMGM,"
"21STCENMGM,"
"21STCENMGM,"
"21STCENMGM,"
"21STCENMGM,"
"21STCENMGM,"
"21STCENMGM,"
"21STCENMGM,"
"21STCENMGM,"
"21STCENMGM,"
"21STCENMGM,"
"21STCENMGM,"
"21STCENMGM,"
"21STCENMGM,"
"21STCENMGM,"
"21STCENMGM,"
"21STCENMGM,"
"21STCENMGM,"
"21STCENMGM,"
"21STCENMGM,"
"21STCENMGM,"
"21STCENMGM,"
"21STCENMGM,"
"21STCENMGM,"
"21STCENMGM,"
"21STCENMGM,"
"21STCENMGM,"
"21STCENMGM,"
"21STCENMGM,"
"21STCENMGM,"
"21STCENMGM,"
"21STCENMGM,"
"21STCENMGM,"
"21STCENMGM,"
"21STCENMGM,"
"21STCENMGM,"
"21STCENMGM,"
"21STCENMGM,"
"21STCENMGM,"
"21STCENMGM,"
"21STCENMGM,"
"21STCENMGM,"
"21STCENMGM,"
"21STCENMGM,"
"21STCENMGM,"
"21STCENMGM,"
"21STCENMGM,"
"21STCENMGM,"
"21STCENMGM,"
"21STCENMGM,"
"21STCENMGM,"
"21STCENMGM,"
"21STCENMGM,"
"21STCENMGM,"
"21STCENMGM,"
"21STCENMGM,"
"21STCENMGM,"
"21STCENMGM,"
"21STCENMGM,"
"21STCENMGM,"
"21STCENMGM,"
"21STCENMGM,"
"21STCENMGM,"
"21STCENMGM,"
"21STCENMGM,"
"21STCENMGM,"
"21STCENMGM,"
"21STCENMGM,"
"21STCENMGM,"
"21STCENMGM,"
"21STCENMGM,"
"21STCENMGM,"
"21STCENMGM,"
"21STCENMGM,"
"21STCENMGM,"
"21STCENMGM,"
"21STCENMGM,"
"21STCENMGM,"
"21STCENMGM,"
"21STCENMGM,"
"21STCENMGM,"
"21STCENMGM,"
"21STCENMGM,"
"21STCENMGM,"
"21STCENMGM,"
"21STCENMGM,"
"21STCENMGM,"
"21STCENMGM,"
"21STCENMGM,"
"21STCENMGM,"
"21STCENMGM,"
"21STCENMGM,"
"21STCENMGM,"
"21STCENMGM,"
"21STCENMGM,"
"21STCENMGM,"
"21STCENMGM,"
"21STCENMGM,"
"21STCENMGM,"
"21STCENMGM,"
"21STCENMGM,"
"21STCENMGM,"
"21STCENMGM,"
"21STCENMGM,"
"21STCENMGM,"
"21STCENMGM,"
"21STCENMGM,"
"21STCENMGM,"
"21STCENMGM,"
"21STCENMGM,"
"21STCENMGM,"
"21STCENMGM,"
"21STCENMGM,"
"21STCENMGM,"
"21STCENMGM,"
"21STCENMGM,"
"21STCENMGM,"
"21STCENMGM,"
"21STCENMGM,"
"21STCENMGM,"
"21STCENMGM,"
"21STCENMGM,"
"21STCENMGM,"
"21STCENMGM,"
"21STCENMGM,"
"21STCENMGM,"
"21STCENMGM,"
"21STCENMGM,"
"21STCENMGM,"
"21STCENMGM,"
"21STCENMGM,"
"21STCENMGM,"
"21STCENMGM,"
"21STCENMGM,"
"21STCENMGM,"
"21STCENMGM,"
"21STCENMGM,"
"21STCENMGM,"
"21STCENMGM,"
"21STCENMGM,"
"21STCENMGM,"
"21STCENMGM,"
"21STCENMGM,"
"21STCENMGM,"
"21STCENMGM,"
"21STCENMGM,"
"21STCENMGM,"
"21STCENMGM,"
"21STCENMGM,"
"21STCENMGM,"
"21STCENMGM,"
"21STCENMGM,"
"21STCENMGM,"
"21STCENMGM,"
"21STCENMGM,"
"21STCENMGM,"
"21STCENMGM,"
"21STCENMGM,"
"21STCENMGM,"
"21STCENMGM,"
"21STCENMGM,"
"21STCENMGM,"
"21STCENMGM,"
"21STCENMGM,"
"21STCENMGM,"
"21STCENMGM,"
"21STCENMGM,"
"21STCENMGM,"
"21STCENMGM,"
"21STCENMGM,"
"21STCENMGM,"
"21STCENMGM,"
"21STCENMGM,"
"21STCENMGM,"
"21STCENMGM,"
"21STCENMGM,"
"21STCENMGM,"
"21STCENMGM,"
"21STCENMGM,"
"21STCENMGM,"
"21STCENMGM,"
"21STCENMGM,"
"21STCENMGM,"
"21STCENMGM,"
"21STCENMGM,"
"21STCENMGM,"
"21STCENMGM,"
"21STCENMGM,"
"21STCENMGM,"
"21STCENMGM,"
"21STCENMGM,"
"21STCENMGM,"
"21STCENMGM,"
"21STCENMGM,"
"21STCENMGM,"
"21STCENMGM,"
"21STCENMGM,"
"21STCENMGM,"
"21STCENMGM,"
"21STCENMGM,"
"21STCENMGM,"
"21STCENMGM,"
"21STCENMGM,"
"21STCENMGM,"
"21STCENMGM,"
"21STCENMGM,"
"21STCENMGM,"
"21STCENMGM,"
"21STCENMGM,"
"21STCENMGM,"
"21STCENMGM,"
"21STCENMGM,"
"21STCENMGM,"
"21STCENMGM,"
"21STCENMGM,"
"21STCENMGM,"
"21STCENMGM,"
"21STCENMGM,"
"21STCENMGM,"
"21STCENMGM,"
"21STCENMGM,"
"21STCENMGM,"
"21STCENMGM,"
"21STCENMGM,"
"21STCENMGM,"
"21STCENMGM,"
"21STCENMGM,"
"21STCENMGM,"
"21STCENMGM,"
"21STCENMGM,"
"21STCENMGM,"
"21STCENMGM,"
"21STCENMGM,"
"21STCENMGM,"
"21STCENMGM,"
"21STCENMGM,"
"21STCENMGM,"
"21STCENMGM,"
"21STCENMGM,"
"21STCENMGM,"
"21STCENMGM,"
"21STCENMGM,"
"21STCENMGM,"
"21STCENMGM,"
"21STCENMGM,"
"21STCENMGM,"
"21STCENMGM,"
"21STCENMGM,"
"21STCENMGM,"
"21STCENMGM,"
"21STCENMGM,"
"21STCENMGM,"
"21STCENMGM,"
"21STCENMGM,"
"21STCENMGM,"
"21STCENMGM,"
"21STCENMGM,"
"21STCENMGM,"
"21STCENMGM,"
"21STCENMGM,"
"21STCENMGM,"
"21STCENMGM,"
"21STCENMGM,"
"21STCENMGM,"
"21STCENMGM,"
"21STCENMGM,"
"21STCENMGM,"
"21STCENMGM,"
"21STCENMGM,"
"21STCENMGM,"
"21STCENMGM,"
"21STCENMGM,"
"21STCENMGM,"
"21STCENMGM,"
"21STCENMGM,"
"21STCENMGM,"
"21STCENMGM,"
"21STCENMGM,"
"21STCENMGM,"
"21STCENMGM,"
"21STCENMGM,"
"21STCENMGM,"
"21STCENMGM,"
"21STCENMGM,"
"21STCENMGM,"
"21STCENMGM,"
"21STCENMGM,"
"21STCENMGM,"
"21STCENMGM,"
"21STCENMGM,"
"21STCENMGM,"
"21STCENMGM,"
"21STCENMGM,"
"21STCENMGM,"
"21STCENMGM,"
"21STCENMGM,"
"21STCENMGM,"
"21STCENMGM,"
"21STCENMGM,"
"21STCENMGM,"
"21STCENMGM,"
"21STCENMGM,"
"21STCENMGM,"
"21STCENMGM,"
"21STCENMGM,"
"21STCENMGM,"
"21STCENMGM,"
"21STCENMGM,"
"21STCENMGM,"
"21STCENMGM,"
"21STCENMGM,"
"21STCENMGM,"
"21STCENMGM,"
"21STCENMGM,"
"21STCENMGM,"
"21STCENMGM,"
"21STCENMGM,"
"21STCENMGM,"
"21STCENMGM,"
"21STCENMGM,"
"21STCENMGM,"
"21STCENMGM,"
"21STCENMGM,"
"21STCENMGM,"
"21STCENMGM,"
"21STCENMGM,"
"21STCENMGM,"
"21STCENMGM,"
"21STCENMGM,"
"21STCENMGM,"
"21STCENMGM,"
"21STCENMGM,"
"21STCENMGM,"
"21STCENMGM,"
"21STCENMGM,"
"21STCENMGM,"
"21STCENMGM,"
"21STCENMGM,"
"21STCENMGM,"
"21STCENMGM,"
"21STCENMGM,"
"21STCENMGM,"
"21STCENMGM,"
"21STCENMGM,"
"21STCENMGM,"
"21STCENMGM,"
"21STCENMGM,"
"21STCENMGM,"
"21STCENMGM,"
"21STCENMGM,"
"21STCENMGM,"
"21STCENMGM,"
"21STCENMGM,"
"21STCENMGM,"
"21STCENMGM,"
"21STCENMGM,"
"21STCENMGM,"
"21STCENMGM,"
"21STCENMGM,"
"21STCENMGM,"
"21STCENMGM,"
"21STCENMGM,"
"21STCENMGM,"
"21STCENMGM,"
"21STCENMGM,"
"21STCENMGM,"
"21STCENMGM,"
"21STCENMGM,"
"21STCENMGM,"
"21STCENMGM,"
"21STCENMGM,"
"21STCENMGM,"
"21STCENMGM,"
"21STCENMGM,"
"21STCENMGM,"
"21STCENMGM,"
"21STCENMGM,"
"21STCENMGM,"
"21STCENMGM,"
"21STCENMGM,"
"21STCENMGM,"
"21STCENMGM,"
"21STCENMGM,"
"21STCENMGM,"
"21STCENMGM,"
"21STCENMGM,"
"21STCENMGM,"
"21STCENMGM,"
"21STCENMGM,"
"21STCENMGM,"
"21STCENMGM,"
"21STCENMGM,"
"21STCENMGM,"
"21STCENMGM,"
"21STCENMGM,"
"21STCENMGM,"
"21STCENMGM,"
"21STCENMGM,"
"21STCENMGM,"
"21STCENMGM,"
"21STCENMGM,"
"21STCENMGM,"
"21STCENMGM,"
"21STCENMGM,"
"21STCENMGM,"
"21STCENMGM,"
"21STCENMGM,"
"21STCENMGM,"
"21STCENMGM,"
"21STCENMGM,"
"21STCENMGM,"
"21STCENMGM,"
"21STCENMGM,"
"21STCENMGM,"
"21STCENMGM,"
"21STCENMGM,"
"21STCENMGM,"
"21STCENMGM,"
"21STCENMGM,"
"21STCENMGM,"
"21STCENMGM,"
"21STCENMGM,"
"21STCENMGM,"
"21STCENMGM,"
"21STCENMGM,"
"21STCENMGM,"
"21STCENMGM,"
"21STCENMGM,"
"21STCENMGM,"
"21STCENMGM,"
"21STCENMGM,"
"21STCENMGM,"
"21STCENMGM,"
"21STCENMGM,"
"21STCENMGM,"
"21STCENMGM,"
"21STCENMGM,"
"21STCENMGM,"
"21STCENMGM,"
"21STCENMGM,"
"21STCENMGM,"
"21STCENMGM,"
"21STCENMGM,"
"21STCENMGM,"
"21STCENMGM,"
"21STCENMGM,"
"21STCENMGM,"
"21STCENMGM,"
"21STCENMGM,"
"21STCENMGM,"
"21STCENMGM,"
"21STCENMGM,"
"21STCENMGM,"
"21STCENMGM,"
"21STCENMGM,"
"21STCENMGM,"
"21STCENMGM,"
"21STCENMGM,"
"21STCENMGM,"
"21STCENMGM,"
"21STCENMGM,"
"21STCENMGM,"
"21STCENMGM,"
"21STCENMGM,"
"21STCENMGM,"
"21STCENMGM,"
"21STCENMGM,"
"21STCENMGM,"
"21STCENMGM,"
"21STCENMGM,"
"21STCENMGM,"
"21STCENMGM,"
"21STCENMGM,"
"21STCENMGM,"
"21STCENMGM,"
"21STCENMGM,"
"21STCENMGM,"
"21STCENMGM,"
"21STCENMGM,"
"21STCENMGM,"
"21STCENMGM,"
"21STCENMGM,"
"21STCENMGM,"
"21STCENMGM,"
"21STCENMGM,"
"21STCENMGM,"
"21STCENMGM,"
"21STCENMGM,"
"21STCENMGM,"
"21STCENMGM,"
"21STCENMGM,"
"21STCENMGM,"
"21STCENMGM,"
"21STCENMGM,"
"21STCENMGM,"
"21STCENMGM,"
"21STCENMGM,"
"21STCENMGM,"
"21STCENMGM,"
"21STCENMGM,"
"21STCENMGM,"
"21STCENMGM,"
"21STCENMGM,"
"21STCENMGM,"
"21STCENMGM,"
"21STCENMGM,"
"21STCENMGM,"
"21STCENMGM,"
"21STCENMGM,"
"21STCENMGM,"
"21STCENMGM,"
"21STCENMGM,"
"21STCENMGM,"
"21STCENMGM,"
"21STCENMGM,"
"21STCENMGM,"
"21STCENMGM,"
"21STCENMGM,"
"21STCENMGM,"
"21STCENMGM,"
"21STCENMGM,"
"21STCENMGM,"
"21STCENMGM,"
"21STCENMGM,"
"21STCENMGM,"
"21STCENMGM,"
"21STCENMGM,"
"21STCENMGM,"
"21STCENMGM,"
"21STCENMGM,"
"21STCENMGM,"
"21STCENMGM,"
"21STCENMGM,"
"21STCENMGM,"
"21STCENMGM,"
"21STCENMGM,"
"21STCENMGM,"
"21STCENMGM,"
"21STCENMGM,"
"21STCENMGM,"
"21STCENMGM,"
"21STCENMGM,"
"21STCENMGM,"
"21STCENMGM,"
"21STCENMGM,"
"21STCENMGM,"
"21STCENMGM,"
"21STCENMGM,"
"21STCENMGM,"
"21STCENMGM,"
"21STCENMGM,"
"21STCENMGM,"
"21STCENMGM,"
"21STCENMGM,"
"21STCENMGM,"
"21STCENMGM,"
"21STCENMGM,"
"21STCENMGM,"
"21STCENMGM,"
"21STCENMGM,"
"21STCENMGM,"
"21STCENMGM,"
"21STCENMGM,"
"21STCENMGM,"
"21STCENMGM,"
"21STCENMGM,"
"21STCENMGM,"
"21STCENMGM,"
"21STCENMGM,"
"21STCENMGM,"
"21STCENMGM,"
"21STCENMGM,"
"21STCENMGM,"
"21STCENMGM,"
"21STCENMGM,"
"21STCENMGM,"
"21STCENMGM,"
"21STCENMGM,"
"21STCENMGM,"
"21STCENMGM,"
"21STCENMGM,"
"21STCENMGM,"
"21STCENMGM,"
"21STCENMGM,"
"21STCENMGM,"
"21STCENMGM,"
"21STCENMGM,"
"21STCENMGM,"
"21STCENMGM,"
"21STCENMGM,"
"21STCENMGM,"
"21STCENMGM,"
"21STCENMGM,"
"21STCENMGM,"
"21STCENMGM,"
"21STCENMGM,"
"21STCENMGM,"
"21STCENMGM,"
"21STCENMGM,"
"21STCENMGM,"
"21STCENMGM,"
"21STCENMGM,"
"21STCENMGM,"
"21STCENMGM,"
"21STCENMGM,"
"21STCENMGM,"
"21STCENMGM,"
"21STCENMGM,"
"21STCENMGM,"
"21STCENMGM,"
"21STCENMGM,"
"21STCENMGM,"
"21STCENMGM,"
"21STCENMGM,"
"21STCENMGM,"
"21STCENMGM,"
"21STCENMGM,"
"21STCENMGM,"
"21STCENMGM,"
"21STCENMGM,"
"21STCENMGM,"
"21STCENMGM,"
"21STCENMGM,"
"21STCENMGM,"
"21STCENMGM,"
"21STCENMGM,"
"21STCENMGM,"
"21STCENMGM,"
"21STCENMGM,"
"21STCENMGM,"
"21STCENMGM,"
"21STCENMGM,"
"21STCENMGM,"
"21STCENMGM,"
"21STCENMGM,"
"21STCENMGM,"
"21STCENMGM,"
"21STCENMGM,"
"21STCENMGM,"
"21STCENMGM,"
"21STCENMGM,"
"21STCENMGM,"
"21STCENMGM,"
"21STCENMGM,"
"21STCENMGM,"
"21STCENMGM,"
"21STCENMGM,"
"21STCENMGM,"
"21STCENMGM,"
"21STCENMGM,"
"21STCENMGM,"
"21STCENMGM,"
"21STCENMGM,"
"21STCENMGM,"
"21STCENMGM,"
"21STCENMGM,"
"21STCENMGM,"
"21STCENMGM,"
"21STCENMGM,"
"21STCENMGM,"
"21STCENMGM,"
"21STCENMGM,"
"21STCENMGM,"
"21STCENMGM,"
"21STCENMGM,"
"21STCENMGM,"
"21STCENMGM,"
"21STCENMGM,"
"21STCENMGM,"
"21STCENMGM,"
"21STCENMGM,"
"21STCENMGM,"
"21STCENMGM,"
"21STCENMGM,"
"21STCENMGM,"
"21STCENMGM,"
"21STCENMGM,"
"21STCENMGM,"
"21STCENMGM,"
"21STCENMGM,"
"21STCENMGM,"
"21STCENMGM,"
"21STCENMGM,"
"21STCENMGM,"
"21STCENMGM,"
"21STCENMGM,"
"21STCENMGM,"
"21STCENMGM,"
"21STCENMGM,"
"21STCENMGM,"
"21STCENMGM,"
"21STCENMGM,"
"21STCENMGM,"
"21STCENMGM,"
"21STCENMGM,"
"21STCENMGM,"
"21STCENMGM,"
"21STCENMGM,"
"21STCENMGM,"
"21STCENMGM,"
"21STCENMGM,"
"21STCENMGM,"
"21STCENMGM,"
"21STCENMGM,"
"21STCENMGM,"
"21STCENMGM,"
"21STCENMGM,"
"21STCENMGM,"
"21STCENMGM,"
"21STCENMGM,"
"21STCENMGM,"
"21STCENMGM,"
"21STCENMGM,"
"21STCENMGM,"
"21STCENMGM,"
"21STCENMGM,"
"21STCENMGM,"
"21STCENMGM,"
"21STCENMGM,"
"21STCENMGM,"
"21STCENMGM,"
"21STCENMGM,"
"21STCENMGM,"
"21STCENMGM,"
"21STCENMGM,"
"21STCENMGM,"
"21STCENMGM,"
"21STCENMGM,"
"21STCENMGM,"
"21STCENMGM,"
"21STCENMGM,"
"21STCENMGM,"
"21STCENMGM,"
"21STCENMGM,"
"21STCENMGM,"
"21STCENMGM,"
"21STCENMGM,"
"21STCENMGM,"
"21STCENMGM,"
"21STCENMGM,"
"21STCENMGM,"
"21STCENMGM,"
"21STCENMGM,"
"21STCENMGM,"
"21STCENMGM,"
"21STCENMGM,"
"21STCENMGM,"
"21STCENMGM,"
"21STCENMGM,"
"21STCENMGM,"
"21STCENMGM,"
"21STCENMGM,"
"21STCENMGM,"
"21STCENMGM,"
"21STCENMGM,"
"21STCENMGM,"
"21STCENMGM,"
"21STCENMGM,"
"21STCENMGM,"
"21STCENMGM,"
"21STCENMGM,"
"21STCENMGM,"
"21STCENMGM,"
"21STCENMGM,"
"21STCENMGM,"
"21STCENMGM,"
"21STCENMGM,"
"21STCENMGM,"
"21STCENMGM,"
"21STCENMGM,"
"21STCENMGM,"
"21STCENMGM,"
"21STCENMGM,"
"21STCENMGM,"
"21STCENMGM,"
"21STCENMGM,"
"21STCENMGM,"
"21STCENMGM,"
"21STCENMGM,"
"21STCENMGM,"
"21STCENMGM,"
"21STCENMGM,"
"21STCENMGM,"
"21STCENMGM,"
"21STCENMGM,"
"21STCENMGM,"
"21STCENMGM,"
"21STCENMGM,"
"21STCENMGM,"
"21STCENMGM,"
"21STCENMGM,"
"21STCENMGM,"
"21STCENMGM,"
"21STCENMGM,"
"21STCENMGM,"
"21STCENMGM,"
"21STCENMGM,"
"21STCENMGM,"
"21STCENMGM,"
"21STCENMGM,"
"21STCENMGM,"
"21STCENMGM,"
"21STCENMGM,"
"21STCENMGM,"
"21STCENMGM,"
"21STCENMGM,"
"21STCENMGM,"
"21STCENMGM,"
"21STCENMGM,"
"21STCENMGM,"
"21STCENMGM,"
"21STCENMGM,"
"21STCENMGM,"
"21STCENMGM,"
"21STCENMGM,"
"21STCENMGM,"
"21STCENMGM,"
"21STCENMGM,"
"21STCENMGM,"
"21STCENMGM,"
"21STCENMGM,"
"21STCENMGM,"
"21STCENMGM,"
"21STCENMGM,"
"21STCENMGM,"
"21STCENMGM,"
"21STCENMGM,"
"21STCENMGM,"
"21STCENMGM,"
"21STCENMGM,"
"21STCENMGM,"
"21STCENMGM,"
"21STCENMGM,"
"21STCENMGM,"
"21STCENMGM,"
"21STCENMGM,"
"21STCENMGM,"
"21STCENMGM,"
"21STCENMGM,"
"21STCENMGM,"
"21STCENMGM,"
"21STCENMGM,"
"21STCENMGM,"
"21STCENMGM,"
"21STCENMGM,"
"21STCENMGM,"
"21STCENMGM,"
"21STCENMGM,"
"21STCENMGM,"
"21STCENMGM,"
"21STCENMGM,"
"21STCENMGM,"
"21STCENMGM,"
"21STCENMGM,"
"21STCENMGM,"
"21STCENMGM,"
"21STCENMGM,"
"21STCENMGM,"
"21STCENMGM,"
"21STCENMGM,"
"21STCENMGM,"
"21STCENMGM,"
"21STCENMGM,"
"21STCENMGM,"
"21STCENMGM,"
"21STCENMGM,"
"21STCENMGM,"
"21STCENMGM,"
"21STCENMGM,"
"21STCENMGM,"
"21STCENMGM,"
"21STCENMGM,"
"21STCENMGM,"
"21STCENMGM,"
"21STCENMGM,"
"21STCENMGM,"
"21STCENMGM,"
"21STCENMGM,"
"21STCENMGM,"
"21STCENMGM,"
"21STCENMGM,"
"21STCENMGM,"
"21STCENMGM,"
"21STCENMGM,"
"21STCENMGM,"
"21STCENMGM,"
"21STCENMGM,"
"21STCENMGM,"
"21STCENMGM,"
"21STCENMGM,"
"21STCENMGM,"
"21STCENMGM,"
"21STCENMGM,"
"21STCENMGM,"
"21STCENMGM,"
"21STCENMGM,"
"21STCENMGM,"
"21STCENMGM,"
"21STCENMGM,"
"21STCENMGM,"
"21STCENMGM,"
"21STCENMGM,"
"21STCENMGM,"
"21STCENMGM,"
"21STCENMGM,"
"21STCENMGM,"
"21STCENMGM,"
"21STCENMGM,"
"21STCENMGM,"
"21STCENMGM,"
"21STCENMGM,"
"21STCENMGM,"
"21STCENMGM,"
"21STCENMGM,"
"21STCENMGM,"
"21STCENMGM,"
"21STCENMGM,"
"21STCENMGM,"
"21STCENMGM,"
"21STCENMGM,"
"21STCENMGM,"
"21STCENMGM,"
"21STCENMGM,"
"21STCENMGM,"
"21STCENMGM,"
"21STCENMGM,"
"21STCENMGM,"
"21STCENMGM,"
"21STCENMGM,"
"21STCENMGM,"
"21STCENMGM,"
"21STCENMGM,"
"21STCENMGM,"
"21STCENMGM,"
"21STCENMGM,"
"21STCENMGM,"
"21STCENMGM,"
"21STCENMGM,"
"21STCENMGM,"
"21STCENMGM,"
"21STCENMGM,"
"21STCENMGM,"
"21STCENMGM,"
"21STCENMGM,"
"21STCENMGM,"
"21STCENMGM,"
"21STCENMGM,"
"21STCENMGM,"
"21STCENMGM,"
"21STCENMGM,"
"21STCENMGM,"
"21STCENMGM,"
"21STCENMGM,"
"21STCENMGM,"
"21STCENMGM,"
"21STCENMGM,"
"21STCENMGM,"
"21STCENMGM,"
"21STCENMGM,"
"21STCENMGM,"
"21STCENMGM,"
"21STCENMGM,"
"21STCENMGM,"
"21STCENMGM,"
"21STCENMGM,"
"21STCENMGM,"
"21STCENMGM,"
"21STCENMGM,"
"21STCENMGM,"
"21STCENMGM,"
"21STCENMGM,"
"21STCENMGM,"
"21STCENMGM,"
"21STCENMGM,"
"21STCENMGM,"
"21STCENMGM,"
"21STCENMGM,"
"21STCENMGM,"
"21STCENMGM,"
"21STCENMGM,"
"21STCENMGM,"
"21STCENMGM,"
"21STCENMGM,"
"21STCENMGM,"
"21STCENMGM,"
"21STCENMGM,"
"21STCENMGM,"
"21STCENMGM,"
"21STCENMGM,"
"21STCENMGM,"
"21STCENMGM,"
"21STCENMGM,"
"21STCENMGM,"
"21STCENMGM,"
"21STCENMGM,"
"21STCENMGM,"
"21STCENMGM,"
"21STCENMGM,"
"21STCENMGM,"
"21STCENMGM,"
"21STCENMGM,"
"21STCENMGM,"
"21STCENMGM,"
"21STCENMGM,"
"21STCENMGM,"
"21STCENMGM,"
"21STCENMGM,"
"21STCENMGM,"
"21STCENMGM,"
"21STCENMGM,"
"21STCENMGM,"
"21STCENMGM,"
"21STCENMGM,"
"21STCENMGM,"
"21STCENMGM,"
"21STCENMGM,"
"21STCENMGM,"
"21STCENMGM,"
"21STCENMGM,"
"21STCENMGM,"
"21STCENMGM,"
"21STCENMGM,"
"21STCENMGM,"
"21STCENMGM,"
"21STCENMGM,"
"21STCENMGM,"
"21STCENMGM,"
"21STCENMGM,"
"21STCENMGM,"
"21STCENMGM,"
"21STCENMGM,"
"21STCENMGM,"
"21STCENMGM,"
"21STCENMGM,"
"21STCENMGM,"
"21STCENMGM,"
"21STCENMGM,"
"21STCENMGM,"
"21STCENMGM,"
"21STCENMGM,"
"21STCENMGM,"
"21STCENMGM,"
"21STCENMGM,"
"21STCENMGM,"
"21STCENMGM,"
"21STCENMGM,"
"21STCENMGM,"
"21STCENMGM,"
"21STCENMGM,"
"21STCENMGM,"
"21STCENMGM,"
"21STCENMGM,"
"21STCENMGM,"
"21STCENMGM,"
"21STCENMGM,"
"21STCENMGM,"
"21STCENMGM,"
"21STCENMGM,"
"21STCENMGM,"
"21STCENMGM,"
"21STCENMGM,"
"21STCENMGM,"
"21STCENMGM,"
"21STCENMGM,"
"21STCENMGM,"
"21STCENMGM,"
"21STCENMGM,"
"21STCENMGM,"
"21STCENMGM,"
"21STCENMGM,"
"21STCENMGM,"
"21STCENMGM,"
"21STCENMGM,"
"21STCENMGM,"
"21STCENMGM,"
"21STCENMGM,"
"21STCENMGM,"
"21STCENMGM,"
"21STCENMGM,"
"21STCENMGM,"
"21STCENMGM,"
"21STCENMGM,"
"21STCENMGM,"
"21STCENMGM,"
"21STCENMGM,"
"21STCENMGM,"
"21STCENMGM,"
"21STCENMGM,"
"21STCENMGM,"
"21STCENMGM,"
"21STCENMGM,"
"21STCENMGM,"
"21STCENMGM,"
"21STCENMGM,"
"21STCENMGM,"
"21STCENMGM,"
"21STCENMGM,"
"21STCENMGM,"
"21STCENMGM,"
"21STCENMGM,"
"21STCENMGM,"
"21STCENMGM,"
"21STCENMGM,"
"21STCENMGM,"
"21STCENMGM,"
"21STCENMGM,"
"21STCENMGM,"
"21STCENMGM,"
"21STCENMGM,"
"21STCENMGM,"
"21STCENMGM,"
"21STCENMGM,"
"21STCENMGM,"
"21STCENMGM,"
"21STCENMGM,"
"21STCENMGM,"
"21STCENMGM,"
"21STCENMGM,"
"21STCENMGM,"
"21STCENMGM,"
"21STCENMGM,"
"21STCENMGM,"
"21STCENMGM,"
"21STCENMGM,"
"21STCENMGM,"
"21STCENMGM,"
"21STCENMGM,"
"21STCENMGM,"
"21STCENMGM,"
"21STCENMGM,"
"21STCENMGM,"
"21STCENMGM,"
"21STCENMGM,"
"21STCENMGM,"
"21STCENMGM,"
"21STCENMGM,"
"21STCENMGM,"
"21STCENMGM,"
"21STCENMGM,"
"21STCENMGM,"
"21STCENMGM,"
"21STCENMGM,"
"21STCENMGM,"
"21STCENMGM,"
"21STCENMGM,"
"21STCENMGM,"
"21STCENMGM,"
"21STCENMGM,"
"21STCENMGM,"
"21STCENMGM,"
"21STCENMGM,"
"21STCENMGM,"
"21STCENMGM,"
"21STCENMGM,"
"21STCENMGM,"
"21STCENMGM,"
"21STCENMGM,"
"21STCENMGM,"
"21STCENMGM,"
"21STCENMGM,"
"21STCENMGM,"
"21STCENMGM,"
"21STCENMGM,"
"21STCENMGM,"
"21STCENMGM,"
"21STCENMGM,"
"21STCENMGM,"
"21STCENMGM,"
"21STCENMGM,"
"21STCENMGM,"
"21STCENMGM,"
"21STCENMGM,"
"21STCENMGM,"
"21STCENMGM,"
"21STCENMGM,"
"21STCENMGM,"
"21STCENMGM,"
"21STCENMGM,"
"21STCENMGM,"
"21STCENMGM,"
"21STCENMGM,"
"21STCENMGM,"
"21STCENMGM,"
"21STCENMGM,"
"21STCENMGM,"
"21STCENMGM,"
"21STCENMGM,"
"21STCENMGM,"
"21STCENMGM,"
"21STCENMGM,"
"21STCENMGM,"
"21STCENMGM,"
"21STCENMGM,"
"21STCENMGM,"
"21STCENMGM,"
"21STCENMGM,"
"21STCENMGM,"
"21STCENMGM,"
"21STCENMGM,"
"21STCENMGM,"
"21STCENMGM,"
"21STCENMGM,"
"21STCENMGM,"
"21STCENMGM,"
"21STCENMGM,"
"21STCENMGM,"
"21STCENMGM,"
"21STCENMGM,"
"21STCENMGM,"
"21STCENMGM,"
"21STCENMGM,"
"21STCENMGM,"
"21STCENMGM,"
"21STCENMGM,"
"21STCENMGM,"
"21STCENMGM,"
"21STCENMGM,"
"21STCENMGM,"
"21STCENMGM,"
"21STCENMGM,"
"21STCENMGM,"
"21STCENMGM,"
"21STCENMGM,"
"21STCENMGM,"
"21STCENMGM,"
"21STCENMGM,"
"21STCENMGM,"
"21STCENMGM,"
"21STCENMGM,"
"21STCENMGM,"
"21STCENMGM,"
"21STCENMGM,"
"21STCENMGM,"
"21STCENMGM,"
"21STCENMGM,"
"21STCENMGM,"
"21STCENMGM,"
"21STCENMGM,"
"21STCENMGM,"
"21STCENMGM,"
"21STCENMGM,"
"21STCENMGM,"
"21STCENMGM,"
"21STCENMGM,"
"21STCENMGM,"
"21STCENMGM,"
"21STCENMGM,"
"21STCENMGM,"
"21STCENMGM,"
"21STCENMGM,"
"21STCENMGM,"
"21STCENMGM,"
"21STCENMGM,"
"21STCENMGM,"
"21STCENMGM,"
"21STCENMGM,"
"21STCENMGM,"
"21STCENMGM,"
"21STCENMGM,"
"21STCENMGM,"
"21STCENMGM,"
"21STCENMGM,"
"21STCENMGM,"
"21STCENMGM,"
"21STCENMGM,"
"21STCENMGM,"
"21STCENMGM,"
"21STCENMGM,"
"21STCENMGM,"
"21STCENMGM,"
"21STCENMGM,"
"21STCENMGM,"
"21STCENMGM,"
"21STCENMGM,"
"21STCENMGM,"
"21STCENMGM,"
"21STCENMGM,"
"21STCENMGM,"
"21STCENMGM,"
"21STCENMGM,"
"21STCENMGM,"
"21STCENMGM,"
"21STCENMGM,"
"21STCENMGM,"
"21STCENMGM,"
"21STCENMGM,"
"21STCENMGM,"
"21STCENMGM,"
"21STCENMGM,"
"21STCENMGM,"
"21STCENMGM,"
"21STCENMGM,"
"21STCENMGM,"
"21STCENMGM,"
"21STCENMGM,"
"21STCENMGM,"
"21STCENMGM,"
"21STCENMGM,"
"21STCENMGM,"
"21STCENMGM,"
"21STCENMGM,"
"21STCENMGM,"
"21STCENMGM,"
"21STCENMGM,"
"21STCENMGM,"
"21STCENMGM,"
"21STCENMGM,"
"21STCENMGM,"
"21STCENMGM,"
"21STCENMGM,"
"21STCENMGM,"
"21STCENMGM,"
"21STCENMGM,"
"21STCENMGM,"
"21STCENMGM,"
"21STCENMGM,"
"21STCENMGM,"
"21STCENMGM,"
"21STCENMGM,"
"21STCENMGM,"
"21STCENMGM,"
"21STCENMGM,"
"21STCENMGM,"
"21STCENMGM,"
"21STCENMGM,"
"21STCENMGM,"
"21STCENMGM,"
"21STCENMGM,"
"21STCENMGM,"
"21STCENMGM,"
"21STCENMGM,"
"21STCENMGM,"
"21STCENMGM,"
"21STCENMGM,"
"21STCENMGM,"
"21STCENMGM,"
"21STCENMGM,"
"21STCENMGM,"
"21STCENMGM,"
"21STCENMGM,"
"21STCENMGM,"
"21STCENMGM,"
"21STCENMGM,"
"21STCENMGM,"
"21STCENMGM,"
"21STCENMGM,"
"21STCENMGM,"
"21STCENMGM,"
"21STCENMGM,"
"21STCENMGM,"
"21STCENMGM,"
"21STCENMGM,"
"21STCENMGM,"
"21STCENMGM,"
"21STCENMGM,"
"21STCENMGM,"
"21STCENMGM,"
"21STCENMGM,"
"21STCENMGM,"
"21STCENMGM,"
"21STCENMGM,"
"21STCENMGM,"
"21STCENMGM,"
"21STCENMGM,"
"21STCENMGM,"
"21STCENMGM,"
"21STCENMGM,"
"21STCENMGM,"
"21STCENMGM,"
"21STCENMGM,"
"21STCENMGM,"
"21STCENMGM,"
"21STCENMGM,"
"21STCENMGM,"
"21STCENMGM,"
"21STCENMGM,"
"21STCENMGM,"
"21STCENMGM,"
"21STCENMGM,"
"21STCENMGM,"
"21STCENMGM,"
"21STCENMGM,"
"21STCENMGM,"
"21STCENMGM,"
"21STCENMGM,"
"21STCENMGM,"
"21STCENMGM,"
"21STCENMGM,"
"21STCENMGM,"
"21STCENMGM,"
"21STCENMGM,"
"21STCENMGM,"
"21STCENMGM,"
"21STCENMGM,"
"21STCENMGM,"
"21STCENMGM,"
"21STCENMGM,"
"21STCENMGM,"
"21STCENMGM,"
"21STCENMGM,"
"21STCENMGM,"
"21STCENMGM,"
"21STCENMGM,"
"21STCENMGM,"
"21STCENMGM,"
"21STCENMGM,"
"21STCENMGM,"
"21STCENMGM,"
"21STCENMGM,"
"21STCENMGM,"
"21STCENMGM,"
"21STCENMGM,"
"21STCENMGM,"
"21STCENMGM,"
"21STCENMGM,"
"21STCENMGM,"
"21STCENMGM,"
"21STCENMGM,"
"21STCENMGM,"
"21STCENMGM,"
"21STCENMGM,"
"21STCENMGM,"
"21STCENMGM,"
"21STCENMGM,"
"21STCENMGM,"
"21STCENMGM,"
"21STCENMGM,"
"21STCENMGM,"
"21STCENMGM,"
"21STCENMGM,"
"21STCENMGM,"
"21STCENMGM,"
"21STCENMGM,"
"21STCENMGM,"
"21STCENMGM,"
"21STCENMGM,"
"21STCENMGM,"
"21STCENMGM,"
"21STCENMGM,"
"21STCENMGM,"
"21STCENMGM,"
"21STCENMGM,"
"21STCENMGM,"
"21STCENMGM,"
"21STCENMGM,"
"21STCENMGM,"
"21STCENMGM,"
"21STCENMGM,"
"21STCENMGM,"
"21STCENMGM,"
"21STCENMGM,"
"21STCENMGM,"
"21STCENMGM,"
"21STCENMGM,"
"21STCENMGM,"
"21STCENMGM,"
"21STCENMGM,"
"21STCENMGM,"
"21STCENMGM,"
"21STCENMGM,"
"21STCENMGM,"
"21STCENMGM,"
"21STCENMGM,"
"21STCENMGM,"
"21STCENMGM,"
"21STCENMGM,"
"21STCENMGM,"
"21STCENMGM,"
"21STCENMGM,"
"21STCENMGM,"
"21STCENMGM,"
"21STCENMGM,"
"21STCENMGM,"
"21STCENMGM,"
"21STCENMGM,"
"21STCENMGM,"
"21STCENMGM,"
"21STCENMGM,"
"21STCENMGM,"
"21STCENMGM,"
"21STCENMGM,"
"21STCENMGM,"
"21STCENMGM,"
"21STCENMGM,"
"21STCENMGM,"
"21STCENMGM,"
"21STCENMGM,"
"21STCENMGM,"
"21STCENMGM,"
"21STCENMGM,"
"21STCENMGM,"
"21STCENMGM,"
"21STCENMGM,"
"21STCENMGM,"
"21STCENMGM,"
"21STCENMGM,"
"21STCENMGM,"
"21STCENMGM,"
"21STCENMGM,"
"21STCENMGM,"
"21STCENMGM,"
"21STCENMGM,"
"21STCENMGM,"
"21STCENMGM,"
"21STCENMGM,"
"21STCENMGM,"
"21STCENMGM,"
"21STCENMGM,"
"21STCENMGM,"
"21STCENMGM,"
"21STCENMGM,"
"21STCENMGM,"
"21STCENMGM,"
"21STCENMGM,"
"21STCENMGM,"
"21STCENMGM,"
"21STCENMGM,"
"21STCENMGM,"
"21STCENMGM,"
"21STCENMGM,"
"21STCENMGM,"
"21STCENMGM,"
"21STCENMGM,"
"21STCENMGM,"
"21STCENMGM,"
"21STCENMGM,"
"21STCENMGM,"
"21STCENMGM,"
"21STCENMGM,"
"21STCENMGM,"
"21STCENMGM,"
"21STCENMGM,"
"21STCENMGM,"
"21STCENMGM,"
"21STCENMGM,"
"21STCENMGM,"
"21STCENMGM,"
"21STCENMGM,"
"21STCENMGM,"
"21STCENMGM,"
"21STCENMGM,"
"21STCENMGM,"
"21STCENMGM,"
"21STCENMGM,"
"21STCENMGM,"
"21STCENMGM,"
"21STCENMGM,"
"21STCENMGM,"
"21STCENMGM,"
"21STCENMGM,"
"21STCENMGM,"
"21STCENMGM,"
"21STCENMGM,"
"21STCENMGM,"
"21STCENMGM,"
"21STCENMGM,"
"21STCENMGM,"
"21STCENMGM,"
"21STCENMGM,"
"21STCENMGM,"
"21STCENMGM,"
"21STCENMGM,"
"21STCENMGM,"
"21STCENMGM,"
"21STCENMGM,"
"21STCENMGM,"
"21STCENMGM,"
"21STCENMGM,"
"21STCENMGM,"
"21STCENMGM,"
"21STCENMGM,"
"21STCENMGM,"
"21STCENMGM,"
"21STCENMGM,"
"21STCENMGM,"
"21STCENMGM,"
"21STCENMGM,"
"21STCENMGM,"
"21STCENMGM,"
"21STCENMGM,"
"21STCENMGM,"
"21STCENMGM,"
"21STCENMGM,"
"21STCENMGM,"
"21STCENMGM,"
"21STCENMGM,"
"21STCENMGM,"
"21STCENMGM,"
"21STCENMGM,"
"21STCENMGM,"
"21STCENMGM,"
"21STCENMGM,"
"21STCENMGM,"
"21STCENMGM,"
"21STCENMGM,"
"21STCENMGM,"
"21STCENMGM,"
"21STCENMGM,"
"21STCENMGM,"
"21STCENMGM,"
"21STCENMGM,"
"21STCENMGM,"
"21STCENMGM,"
"21STCENMGM,"
"21STCENMGM,"
"21STCENMGM,"
"21STCENMGM,"
"21STCENMGM,"
"21STCENMGM,"
"21STCENMGM,"
"21STCENMGM,"
"21STCENMGM,"
"21STCENMGM,"
"21STCENMGM,"
"21STCENMGM,"
"21STCENMGM,"
"21STCENMGM,"
"21STCENMGM,"
"21STCENMGM,"
"21STCENMGM,"
"21STCENMGM,"
"21STCENMGM,"
"21STCENMGM,"
"21STCENMGM,"
"21STCENMGM,"
"21STCENMGM,"
"21STCENMGM,"
"21STCENMGM,"
"21STCENMGM,"
"21STCENMGM,"
"21STCENMGM,"
"21STCENMGM,"
"21STCENMGM,"
"21STCENMGM,"
"21STCENMGM,"
"21STCENMGM,"
"21STCENMGM,"
"21STCENMGM,"
"21STCENMGM,"
"21STCENMGM,"
"21STCENMGM,"
"21STCENMGM,"
"21STCENMGM,"
"21STCENMGM,"
"21STCENMGM,"
"21STCENMGM,"
"21STCENMGM,"
"21STCENMGM,"
"21STCENMGM,"
"21STCENMGM,"
"21STCENMGM,"
"21STCENMGM,"
"21STCENMGM,"
"21STCENMGM,"
"21STCENMGM,"
"21STCENMGM,"
"21STCENMGM,"
"21STCENMGM,"
"21STCENMGM,"
"21STCENMGM,"
"21STCENMGM,"
"21STCENMGM,"
"21STCENMGM,"
"21STCENMGM,"
"21STCENMGM,"
"21STCENMGM,"
"21STCENMGM,"
"21STCENMGM,"
"21STCENMGM,"
"21STCENMGM,"
"21STCENMGM,"
"21STCENMGM,"
"21STCENMGM,"
"21STCENMGM,"
"21STCENMGM,"
"21STCENMGM,"
"21STCENMGM,"
"21STCENMGM,"
"21STCENMGM,"
"21STCENMGM,"
"21STCENMGM,"
"21STCENMGM,"
"21STCENMGM,"
"21STCENMGM,"
"21STCENMGM,"
"21STCENMGM,"
"21STCENMGM,"
"21STCENMGM,"
"21STCENMGM,"
"21STCENMGM,"
"21STCENMGM,"
"21STCENMGM,"
"21STCENMGM,"
"21STCENMGM,"
"21STCENMGM,"
"21STCENMGM,"
"21STCENMGM,"
"21STCENMGM,"
"21STCENMGM,"
"21STCENMGM,"
"21STCENMGM,"
"21STCENMGM,"
"21STCENMGM,"
"21STCENMGM,"
"21STCENMGM,"
"21STCENMGM,"
"21STCENMGM,"
"21STCENMGM,"
"21STCENMGM,"
"21STCENMGM,"
"21STCENMGM,"
"21STCENMGM,"
"21STCENMGM,"
"21STCENMGM,"
"21STCENMGM,"
"21STCENMGM,"
"21STCENMGM,"
"21STCENMGM,"
"21STCENMGM,"
"21STCENMGM,"
"21STCENMGM,"
"21STCENMGM,"
"21STCENMGM,"
"21STCENMGM,"
"21STCENMGM,"
"21STCENMGM,"
"21STCENMGM,"
"21STCENMGM,"
"21STCENMGM,"
"21STCENMGM,"
"21STCENMGM,"
"21STCENMGM,"
"21STCENMGM,"
"21STCENMGM,"
"21STCENMGM,"
"21STCENMGM,"
"21STCENMGM,"
"21STCENMGM,"
"21STCENMGM,"
"21STCENMGM,"
"21STCENMGM,"
"21STCENMGM,"
"21STCENMGM,"
"21STCENMGM,"
"21STCENMGM,"
"21STCENMGM,"
"21STCENMGM,"
"21STCENMGM,"
"21STCENMGM,"
"21STCENMGM,"
"21STCENMGM,"
"21STCENMGM,"
"21STCENMGM,"
"21STCENMGM,"
"21STCENMGM,"
"21STCENMGM,"
"21STCENMGM,"
"21STCENMGM,"
"21STCENMGM,"
"21STCENMGM,"
"21STCENMGM,"
"21STCENMGM,"
"21STCENMGM,"
"21STCENMGM,"
"21STCENMGM,"
"21STCENMGM,"
"21STCENMGM,"
"21STCENMGM,"
"21STCENMGM,"
"21STCENMGM,"
"21STCENMGM,"
"21STCENMGM,"
"21STCENMGM,"
"21STCENMGM,"
"21STCENMGM,"
"21STCENMGM,"
"21STCENMGM,"
"21STCENMGM,"
"21STCENMGM,"
"21STCENMGM,"
"21STCENMGM,"
"21STCENMGM,"
"21STCENMGM,"
"21STCENMGM,"
"21STCENMGM,"
"21STCENMGM,"
"21STCENMGM,"
"21STCENMGM,"
"21STCENMGM,"
"21STCENMGM,"
"21STCENMGM,"
"21STCENMGM,"
"21STCENMGM,"
"21STCENMGM,"
"21STCENMGM,"
"21STCENMGM,"
"21STCENMGM,"
"21STCENMGM,"
"21STCENMGM,"
"21STCENMGM,"
"21STCENMGM,"
"21STCENMGM,"
"21STCENMGM,"
"21STCENMGM,"
"21STCENMGM,"
"21STCENMGM,"
"21STCENMGM,"
"21STCENMGM,"
"21STCENMGM,"
"21STCENMGM,"
"21STCENMGM,"
"21STCENMGM,"
"21STCENMGM,"
"21STCENMGM,"
"21STCENMGM,"
"21STCENMGM,"
"21STCENMGM,"
"21STCENMGM,"
"21STCENMGM,"
"21STCENMGM,"
"21STCENMGM,"
"21STCENMGM,"
"21STCENMGM,"
"21STCENMGM,"
"21STCENMGM,"
"21STCENMGM,"
"21STCENMGM,"
"21STCENMGM,"
"21STCENMGM,"
"21STCENMGM,"
"21STCENMGM,"
"21STCENMGM,"
"21STCENMGM,"
"21STCENMGM,"
"21STCENMGM,"
"21STCENMGM,"
"21STCENMGM,"
"21STCENMGM,"
"21STCENMGM,"
