Symbol,Band
21STCENMGM,2
AARTECH,2
ALPSINDUS,2
ASMS,2
ASTRON,2
BANKA,2
BGRENERGY,2
BKMINDST,2
BLUECHIP,2
BRNL,2
CMMIPL,2
CROWN,2
CTE,2
CUBEXTUB,2
DHRUV,2
DIACABS,2
DUCON,2
ELECTHERM,2
ESSENTIA,2
FEL,2
GATECH,2
GLFL,2
GLOBALVECT,2
GOKUL,2
GOYALALUM,2
GTECJAINX,2
GTL,2
HINDCON,2
ICDSLTD,2
INDSWFTLTD,2
JAIPURKURT,2
KRIDHANINF,2
LAGNAM,2
LATTEYS,2
LCCINFOTEC,2
MADHAV,2
MALUPAPER,2
MANAKSTEEL,2
MELSTAR,2
MKPL,2
MODTHREAD,2
MOKSH,2
NARMADA,2
NILASPACES,2
NITCO,2
NITIRAJ,2
OMAXAUTO,2
PARASPETRO,2
PIGL,2
PRAENG,2
PRAKASHSTL,2
RAJRILTD,2
RAJTV,2
REGENCERAM,2
RHFL,2
ROLLT,2
RPPINFRA,2
SABEVENTS,2
SABTNL,2
SALSTEEL,2
SANWARIA,2
SECURKLOUD,2
SETCO,2
SHREERAMA,2
SHYAMTEL,2
SITINET,2
SPYL,2
STARTECK,2
SUPREMEINF,2
TARAPUR,2
TECHIN,2
TFL,2
THOMASCOTT,2
TIJARIA,2
TIL,2
TNTELE,2
TRF,2
TVVISION,2
UMAEXPORTS,2
VASWANI,2
VIJIFIN,2
VIPULLTD,2
VIVIDHA,2
WINSOME,2
ZODIAC,2
3PLAND,5
63MOONS,5
A2ZINFRA,5
AAATECH,5
AAKASH,5
AAREYDRUGS,5
AARVEEDEN,5
ABAN,5
ABCOTS,5
ABINFRA,5
ABMINTLLTD,5
ABSMARINE,5
ACCORD,5
ACCURACY,5
ADROITINFO,5
AGARWALFT,5
AGNI,5
AGSTRA,5
AGUL,5
AHIMSA,5
AILIMITED,5
AIRAN,5
AISL,5
AKI,5
AKSHAR,5
AKSHARCHEM,5
AKSHOPTFBR,5
ALANKIT,5
ALOKINDS,5
ALPEXSOLAR,5
AMBANIORG,5
AMBICAAGAR,5
ANKITMETAL,5
ANSALAPI,5
ANTGRAPHIC,5
APOLLO,5
APS,5
ARCHIDPLY,5
ARCHIES,5
ARENTERP,5
ARHAM,5
ARSHIYA,5
ARSSINFRA,5
ARTNIRMAN,5
ARVEE,5
ASCOM,5
ASIANENE,5
ASIANHOTNR,5
ASLIND,5
ATALREAL,5
ATAM,5
ATLANTAA,5
ATMASTCO,5
AURIONPRO,5
AURUM,5
AURUMPP1,5
AVSL,5
AZAD,5
BAFNAPH,5
BAGFILMS,5
BAHETI,5
BAJEL,5
BALAJITELE,5
BANG,5
BBOX,5
BCG,5
BCONCEPTS,5
BEDMUTHA,5
BGLOBAL,5
BIL,5
BINANIIND,5
BIRLAMONEY,5
BLBLIMITED,5
BLUECOAST,5
BMETRICS,5
BOHRAIND,5
BRIGHT,5
BROOKS,5
BVCL,5
CADSYS,5
CALSOFT,5
CAREERP,5
CELLECOR,5
CENTEXT,5
CEREBRAINT,5
CGRAPHICS,5
CINEVISTA,5
CLOUD,5
CMICABLES,5
CMNL,5
CMRSL,5
COMPINFO,5
CONTI,5
COUNCODOS,5
CPS,5
CRAYONS,5
CREATIVEYE,5
CUPID,5
CYBERMEDIA,5
DBCORP,5
DBSTOCKBRO,5
DCI,5
DCMFINSERV,5
DESTINY,5
DGCONTENT,5
DHANBANK,5
DHTL,5
DIGIDRIVE,5
DIGJAMLMTD,5
DJML,5
DNAMEDIA,5
DOLPHIN,5
DPSCLTD,5
DREDGECORP,5
DRL,5
DRONE,5
DRSCARGO,5
DUGLOBAL,5
DVL,5
DYNAMIC,5
E2E,5
EDUCOMP,5
EIMCOELECO,5
EMMIL,5
ENERGYDEV,5
EQUIPPP,5
ESCONET,5
EUROTEXIND,5
EXCEL,5
FCONSUMER,5
FCSSOFT,5
FELDVR,5
FELIX,5
FLEXITUFF,5
FLFL,5
FMNL,5
FRETAIL,5
FSC,5
GALLANTT,5
GANESHHOUC,5
GANGAFORGE,5
GANGOTRI,5
GATECHDVR,5
GAYAHWS,5
GENSOL,5
GENUSPOWER,5
GET&D,5
GFSTEELS,5
GICL,5
GILLANDERS,5
GIRIRAJ,5
GIRRESORTS,5
GKWLIMITED,5
GLOBAL,5
GLOBE,5
GMRP&UI,5
GODHA,5
GOENKA,5
GOLDENTOBC,5
GOLDKART,5
GPTINFRA,5
GRAPHISAD,5
GRCL,5
GREENPOWER,5
GRETEX,5
GSS,5
GSTL,5
GTLINFRA,5
GUJAPOLLO,5
GUJRAFFIA,5
GVKPIL,5
GVPTECH,5
HAVISHA,5
HBSL,5
HCL-INSYS,5
HDIL,5
HEADSUP,5
HECPROJECT,5
HILTON,5
HINDMOTORS,5
HINDNATGLS,5
HIRECT,5
HITECHGEAR,5
HLVLTD,5
HMT,5
HOACFOODS,5
HOMESFY,5
HOVS,5
HPIL,5
HSCL,5
HUBTOWN,5
HYBRIDFIN,5
IEML,5
IITL,5
IL&FSENGG,5
IL&FSTRANS,5
IMPEXFERRO,5
INCREDIBLE,5
INDOTECH,5
INDOTHAI,5
INDOWIND,5
INFOMEDIA,5
INNOVATIVE,5
INOXGREEN,5
INSPIRISYS,5
IRIS,5
ISHAN,5
IWEL,5
JAIBALAJI,5
JAKHARIA,5
JALAN,5
JAYNECOIND,5
JETAIRWAYS,5
JHS,5
JITFINFRA,5
JMA,5
JPPOWER,5
JSLL,5
JUBLINDS,5
JYOTICNC,5
JYOTISTRUC,5
KALYANI,5
KAMATHOTEL,5
KAMDHENU,5
KANANIIND,5
KAPSTON,5
KARMAENG,5
KARNIKA,5
KAUSHALYA,5
KAVVERITEL,5
KBCGLOBAL,5
KCEIL,5
KCK,5
KDL,5
KEEPLEARN,5
KERNEX,5
KEYFINSERV,5
KHAITANLTD,5
KILITCH,5
KKVAPOW,5
KODYTECH,5
KONSTELEC,5
KPIGREEN,5
KRISHIVAL,5
KRITIKA,5
KSHITIJPOL,5
LAKPRE,5
LAL,5
LANCORHOL,5
LASA,5
LATENTVIEW,5
LGHL,5
LIBERTSHOE,5
LIQUIDBEES,5
LLOYDS,5
LOKESHMACH,5
LORDSCHLO,5
LOTUSEYE,5
LRRPL,5
MACPOWER,5
MADHUCON,5
MAGNUM,5
MAITREYA,5
MAKS,5
MANAKCOAT,5
MANAV,5
MANDEEP,5
MANINDS,5
MANORAMA,5
MANORG,5
MANUGRAPH,5
MARINE,5
MARSHALL,5
MASKINVEST,5
MAXIND,5
MBECL,5
MCL,5
MCLEODRUSS,5
MCON,5
MDL,5
MEDICO,5
MEGAFLEX,5
MEGASOFT,5
MEP,5
MICEL,5
MILTON,5
MINDPOOL,5
MIRCELECTR,5
MIRZAINT,5
MITTAL,5
MODIRUBBER,5
MODISONLTD,5
MONOPHARMA,5
MORARJEE,5
MOTISONS,5
MOTOGENFIN,5
MPTODAY,5
MRO-TEK,5
MSPL,5
MTEDUCARE,5
MUFIN,5
MUKTAARTS,5
MUNJALAU,5
NAGAFERT,5
NAGREEKCAP,5
NAGREEKEXP,5
NETWEB,5
NETWORK18,5
NILAINFRA,5
NIRAJ,5
NIRAJISPAT,5
NKIND,5
NOIDATOLL,5
NORBTEAEXP,5
NPST,5
NTL,5
OILCOUNTUB,5
OMKARCHEM,5
ONDOOR,5
ONELIFECAP,5
ONEPOINT,5
ORIANA,5
ORIENTCER,5
ORIENTLTD,5
ORTEL,5
OSIAHYPER,5
OSWALAGRO,5
OSWALSEEDS,5
OWAIS,5
PAISALO,5
PALREDTEC,5
PANSARI,5
PARACABLES,5
PARIN,5
PARSVNATH,5
PASHUPATI,5
PATTECH,5
PAVNAIND,5
PAYTM,5
PCJEWELLER,5
PEARLPOLY,5
PERFECT,5
PFS,5
PIONEEREMB,5
PODDARHOUS,5
PRAMARA,5
PRATHAM,5
PRAXIS,5
PRECOT,5
PREMIER,5
PRITIKA,5
PRITIKAUTO,5
PRLIND,5
PROLIFE,5
PRUDMOULI,5
PURVA,5
PVP,5
QFIL,5
QUADPRO,5
QUESTLAB,5
QUINTEGRA,5
RADAAN,5
RAJMET,5
RAJVIR,5
RAMCOSYS,5
RANEENGINE,5
RBMINFRA,5
RBZJEWEL,5
RCOM,5
REFEX,5
REFRACTORY,5
RELIABLE,5
REMSONSIND,5
REXPIPES,5
RHL,5
RICHA,5
RKDL,5
RKEC,5
RMDRIP,5
ROCKINGDCE,5
ROLTA,5
ROML,5
RPOWER,5
RPPL,5
RSSOFTWARE,5
RTNPOWER,5
RUCHINFRA,5
RULKA,5
RVHL,5
SABAR,5
SADBHAV,5
SADBHIN,5
SAGARDEEP,5
SAHANA,5
SALASAR,5
SALZERELEC,5
SAMBHAAV,5
SAMPANN,5
SANCO,5
SANDUMA,5
SANGINITA,5
SARTELE,5
SARVESHWAR,5
SCHNEIDER,5
SEAMECLTD,5
SECL,5
SECMARK,5
SEJALLTD,5
SEL,5
SELMC,5
SEMAC,5
SERVOTECH,5
SETUINFRA,5
SEYAIND,5
SHAHALLOYS,5
SHAIVAL,5
SHAKTIPUMP,5
SHANTI,5
SHEETAL,5
SHIVATEX,5
SHIVAUM,5
SHRENIK,5
SHUBHLAXMI,5
SHYAMCENT,5
SICALLOG,5
SIDDHIKA,5
SILKFLEX,5
SIMPLEXINF,5
SINDHUTRAD,5
SJLOGISTIC,5
SKIL,5
SKYGOLD,5
SMARTLINK,5
SMLT,5
SMVD,5
SOFTTECH,5
SOLEX,5
SOMATEX,5
SPARC,5
SPECTRUM,5
SPMLINFRA,5
SPRL,5
SPTL,5
SRPL,5
SSFL,5
S&SPOWER,5
SUMEETINDS,5
SUMIT,5
SUPERSPIN,5
SUPREMEENG,5
SURANASOL,5
SURANAT&P,5
SURANI,5
SUULD,5
SUVEN,5
SUVIDHAA,5
SUZLON,5
SVLL,5
SVPGLOB,5
SWANENERGY,5
SWARAJ,5
SWELECTES,5
SWSOLAR,5
SYNCOMF,5
TAC,5
TAKE,5
TAPIFRUIT,5
TARACHAND,5
TARMAT,5
TATAINVEST,5
TCIFINANCE,5
TCLCONS,5
TECHLABS,5
TECILCHEM,5
TFCILTD,5
TGL,5
THEINVEST,5
TIMESCAN,5
TIMESGTY,5
TIPSFILMS,5
TIRUPATI,5
TOUCHWOOD,5
TPHQ,5
TRANSWIND,5
TREEHOUSE,5
TREJHARA,5
TRIL,5
TV18BRDCST,5
UEL,5
UMESLTD,5
UNIINFO,5
UNITECH,5
UNIVAFOODS,5
UNIVASTU,5
URAVI,5
URBAN,5
URJA,5
UWCSL,5
V2RETAIL,5
VARDMNPOLY,5
VASA,5
VCL,5
VEEKAYEM,5
VELS,5
VERITAAS,5
VERTEXPLUS,5
VERTOZ,5
VHLTD,5
VIAZ,5
VIKASLIFE,5
VINNY,5
VISAKAIND,5
VISASTEEL,5
VIVIANA,5
VIVO,5
VLEGOV,5
VMARCIND,5
VSCL,5
VSTL,5
WALCHANNAG,5
WALPAR,5
WANBURY,5
WEBELSOLAR,5
WEL,5
WELINV,5
WEWIN,5
WINSOL,5
WIPL,5
WOCKPHARMA,5
WOMANCART,5
XELPMOC,5
YAARI,5
ZEELEARN,5
ZENITHSTL,5
ZENTEC,5
3RDROCK,10
AADHARHFC,10
ABSLAMC,10
ACEINTEG,10
ACL,10
ADL,10
AETHER,10
AHL,10
AJOONI,10
AKANKSHA,10
ALBERTDAVD,10
ALKALI,10
ALMONDZ,10
AMDIND,10
ANIKINDS,10
ANLON,10
ASHOKAMET,10
ASKAUTOLTD,10
AUROIMPEX,10
AWL,10
BBL,10
BDR,10
BEARDSELL,10
BESTAGRO,10
BHAGYANGR,10
BHANDARI,10
BIKAJI,10
BLAL,10
BLUEJET,10
BURNPUR,10
BYKE,10
CANARYS,10
CCHHL,10
CELLO,10
CHEMFAB,10
CORDSCABLE,10
CREST,10
DAVANGERE,10
DEVIT,10
DIGISPICE,10
DRCSYSTEMS,10
DSSL,10
DYCL,10
EMAMIREAL,10
EMIL,10
EMKAY,10
ENSER,10
ESSARSHPNG,10
FLAIR,10
FROG,10
GENCON,10
GINNIFILA,10
GLS,10
GOLDTECH,10
GOPAL,10
GRINFRA,10
GRSE,10
GSLSU,10
HAPPYFORGE,10
HARRMALAYA,10
HCC,10
HEXATRADEX,10
HINDZINC,10
HMAAGRO,10
HPL,10
IEL,10
IFCI,10
INOXWIND,10
INSPIRE,10
INVENTURE,10
IPL,10
ITDC,10
IVC,10
IZMO,10
JAICORPLTD,10
JAINAM,10
JETKNIT,10
JPASSOCIAT,10
JSWINFRA,10
JUNIPER,10
KALYANIFRG,10
KAMOPAINTS,10
KECL,10
KESORAMIND,10
KHANDSE,10
KIRLPNU,10
KMSUGAR,10
KONTOR,10
KOTYARK,10
KREBSBIO,10
LGBFORGE,10
LPDC,10
LYPSAGEMS,10
MADHUSUDAN,10
MANAKALUCO,10
MANKIND,10
MBLINFRA,10
MINDTECK,10
MITCON,10
MMTC,10
MOHITIND,10
MTNL,10
MVGJL,10
NBCC,10
NDGL,10
NEXTMEDIA,10
NIBL,10
NINSYS,10
NIRMAN,10
NRL,10
OMAXE,10
OMFURN,10
ORTINLAB,10
PANACHE,10
PKTEA,10
PLAZACABLE,10
POCL,10
PPL,10
PREMEXPLN,10
PRESSTONIC,10
PRITI,10
PULZ,10
QMSMEDI,10
RAMANEWS,10
RAMKY,10
RELINFRA,10
RILINFRA,10
RUSTOMJEE,10
SANGHIIND,10
SARLAPOLY,10
SBC,10
SCILAL,10
SCML,10
SEPC,10
SGL,10
SHAH,10
SHALPAINTS,10
SHIGAN,10
SHIVAMAUTO,10
SIKKO,10
SIL,10
SILLYMONKS,10
SMLISUZU,10
SOLARA,10
SOMICONVEY,10
SONUINFRA,10
SOUTHWEST,10
STEELXIND,10
SUPREMEPWR,10
TCL,10
TEJASNET,10
TGBHOTELS,10
THANGAMAYL,10
THOMASCOOK,10
TIRUPATIFL,10
TPLPLASTEH,10
TRUST,10
VERA,10
VISHNUINFR,10
YUDIZ,10
YUKEN,10
ZENITHEXPO,10
20MICRONS,20
360ONE,20
3IINFOLTD,20
3MINDIA,20
5PAISA,20
AARON,20
AARTIDRUGS,20
AARTIPHARM,20
AARTISURF,20
AARVI,20
AATMAJ,20
AAVAS,20
ABNINT,20
ABSLBANETF,20
ABSLLIQUID,20
ABSLNN50ET,20
ABSLPSE,20
ACCELYA,20
ACCENTMIC,20
ACE,20
ACI,20
ACLGATI,20
ACSAL,20
ADANIENSOL,20
ADANIGREEN,20
ADANIPOWER,20
ADFFOODS,20
ADORWELD,20
ADSL,20
ADVANIHOTR,20
ADVENZYMES,20
AEGISCHEM,20
AEROFLEX,20
AFFLE,20
AGARIND,20
AGI,20
AGRITECH,20
AGROPHOS,20
AHLADA,20
AHLEAST,20
AHLUCONT,20
AIAENG,20
AIIL,20
AIROLAM,20
AJANTPHARM,20
AJMERA,20
AKASH,20
AKG,20
AKZOINDIA,20
ALEMBICLTD,20
ALICON,20
ALKYLAMINE,20
ALLCARGO,20
ALLETEC,20
ALLSEC,20
ALPA,20
ALPHA,20
ALPHAETF,20
ALPHAGEO,20
ALPL30IETF,20
ALUWIND,20
AMBER,20
AMBIKCO,20
AMEYA,20
AMIABLE,20
AMIORG,20
AMJLAND,20
AMNPLST,20
AMRUTANJAN,20
ANANDRATHI,20
ANANTRAJ,20
ANDHRAPAP,20
ANDHRSUGAR,20
ANGELONE,20
ANMOL,20
ANNAPURNA,20
ANUP,20
ANURAS,20
ANURAS,20
ANZEN,20
APARINDS,20
APCL,20
APCOTEXIND,20
APEX,20
APLAPOLLO,20
APLLTD,20
APOLLOPIPE,20
APOLSINHOT,20
APTECHT,20
APTUS,20
ARABIAN,20
ARE&M,20
ARIES,20
ARIHANTACA,20
ARIHANTCAP,20
ARIHANTSUP,20
ARISTO,20
ARMANFIN,20
AROGRANITE,20
ARROWGREEN,20
ARTEMISMED,20
ARVIND,20
ARVINDFASN,20
ARVSMART,20
ASAHIINDIA,20
ASAHISONG,20
ASAL,20
ASALCBR,20
ASHAPURMIN,20
ASHIANA,20
ASHIMASYN,20
ASHOKA,20
ASIANTILES,20
ASPINWALL,20
ASPIRE,20
ASTEC,20
ASTERDM,20
ASTRAMICRO,20
ASTRAZEN,20
ATFL,20
ATGL,20
ATL,20
ATULAUTO,20
AURDIS,20
AUSOMENT,20
AUTOAXLES,20
AUTOBEES,20
AUTOIETF,20
AUTOIND,20
AVADHSUGAR,20
AVALON,20
AVANTIFEED,20
AVG,20
AVONMORE,20
AVPINFRA,20
AVROIND,20
AVTNPL,20
AWHCL,20
AXISBNKETF,20
AXISBPSETF,20
AXISCADES,20
AXISCETF,20
AXISGOLD,20
AXISHCETF,20
AXISILVER,20
AXISNIFTY,20
AXISTECETF,20
AXITA,20
AXSENSEX,20
AYMSYNTEX,20
BABAFP,20
BAIDFIN,20
BAJAJCON,20
BAJAJELEC,20
BAJAJHCARE,20
BAJAJHIND,20
BAJAJHLDNG,20
BALAMINES,20
BALAXI,20
BALKRISHNA,20
BALMLAWRIE,20
BALPHARMA,20
BALUFORGE,20
BANARBEADS,20
BANARISUG,20
BANCOINDIA,20
BANKBEES,20
BANKBETF,20
BANKETF,20
BANKETFADD,20
BANKIETF,20
BANKINDIA,20
BANKNIFTY1,20
BANSWRAS,20
BARBEQUE,20
BASF,20
BASILIC,20
BASML,20
BAWEJA,20
BAYERCROP,20
BBETF0432,20
BBNPPGOLD,20
BBTC,20
BBTCL,20
BCLIND,20
BDL,20
BECTORFOOD,20
BEML,20
BEPL,20
BETA,20
BEWLTD,20
BFINVEST,20
BFSI,20
BFUTILITIE,20
BHAGCHEM,20
BHAGERIA,20
BHALCHANDR,20
BHARATGEAR,20
BHARATRAS,20
BHARATWIRE,20
BHARTIHEXA,20
BHINVIT,20
BIGBLOC,20
BIOFILCHEM,20
BIRDYS,20
BIRET,20
BIRLACABLE,20
BIRLACORPN,20
BLISSGVS,20
BLKASHYAP,20
BLS,20
BLSE,20
BLUEDART,20
BLUEPEBBLE,20
BLUESTARCO,20
BODALCHEM,20
BOMDYEING,20
BOROLTD,20
BORORENEW,20
BPL,20
BRIGADE,20
BSE,20
BSE500IETF,20
BSHSL,20
BSL,20
BSLGOLDETF,20
BSLNIFTY,20
BSLSENETFG,20
BTML,20
BUTTERFLY,20
CAMLINFINE,20
CAMPUS,20
CAMS,20
CANTABIL,20
CAPACITE,20
CAPITALSFB,20
CAPLIPOINT,20
CAPTRUST,20
CARBORUNIV,20
CARERATING,20
CARTRADE,20
CARYSIL,20
CASTROLIND,20
CBAZAAR,20
CCL,20
CDSL,20
CEATLTD,20
CELEBRITY,20
CELLPOINT,20
CENTENKA,20
CENTRALBK,20
CENTRUM,20
CENTUM,20
CENTURYPLY,20
CENTURYTEX,20
CERA,20
CESC,20
CGCL,20
CGPOWER,20
CHALET,20
CHAVDA,20
CHEMBOND,20
CHEMCON,20
CHEMPLASTS,20
CHENNPETRO,20
CHEVIOT,20
CHOICEIN,20
CHOLAHLDNG,20
CIEINDIA,20
CIGNITITEC,20
CINELINE,20
CLEAN,20
CLEDUCATE,20
CLSEL,20
CLSL,20
CMSINFO,20
COASTCORP,20
COCHINSHIP,20
COFFEEDAY,20
COMMITTED,20
COMMOIETF,20
COMPUSOFT,20
COMSYN,20
CONCORDBIO,20
CONFIPET,20
CONS,20
CONSOFINVT,20
CONSUMBEES,20
CONSUMIETF,20
CONTROLPR,20
COOLCAPS,20
CORALFINAC,20
COSMOFIRST,20
CPSEETF,20
CRAFTSMAN,20
CREATIVE,20
CREDITACC,20
CRISIL,20
CSBBANK,20
CSLFINANCE,20
CUBEINVIT,20
CYBERTECH,20
CYIENT,20
CYIENTDLM,20
DALMIASUG,20
DAMODARIND,20
DANGEE,20
DATAMATICS,20
DATAPATTNS,20
DBL,20
DBOL,20
DBREALTY,20
DCAL,20
DCBBANK,20
DCG,20
DCM,20
DCMNVL,20
DCMSHRIRAM,20
DCMSRIND,20
DCW,20
DCXINDIA,20
DECCANCE,20
DEEM,20
DEEPAKFERT,20
DEEPENR,20
DEEPINDS,20
DELAPLEX,20
DELHIVERY,20
DELPHIFX,20
DELTACORP,20
DELTAMAGNT,20
DEN,20
DENEERS,20
DENORA,20
DENTALKART,20
DEVYANI,20
DHAMPURSUG,20
DHANI,20
DHANUKA,20
DHARMAJ,20
DHUNINV,20
DIAMINESQ,20
DIAMONDYD,20
DICIND,20
DIGIKORE,20
DIL,20
DISHTV,20
DIVGIITTS,20
DIVOPPBEES,20
DKEGL,20
DLINKINDIA,20
DMART,20
DMCC,20
DODLA,20
DOLATALGO,20
DOLLAR,20
DOLLEX,20
DOMS,20
DONEAR,20
DPABHUSHAN,20
DPWIRES,20
DREAMFOLKS,20
DRSDILIP,20
DTIL,20
DUCOL,20
DWARKESH,20
DYNAMATECH,20
DYNPRO,20
EASEMYTRIP,20
EBBETF0425,20
EBBETF0430,20
EBBETF0431,20
EBBETF0433,20
ECLERX,20
EDELWEISS,20
EFACTOR,20
EFORCE,20
EGOLD,20
EIDPARRY,20
EIFFL,20
EIHAHOTELS,20
EIHOTEL,20
EKC,20
ELDEHSG,20
ELECON,20
ELECTCAST,20
ELECTCAST,20
ELGIEQUIP,20
ELGIRUBCO,20
ELIN,20
EMAMILTD,20
EMAMIPAP,20
EMBASSY,20
EMKAYTOOLS,20
EMMBI,20
EMSLIMITED,20
EMUDHRA,20
ENDURANCE,20
ENFUSE,20
ENGINERSIN,20
ENIL,20
ENTERO,20
EPACK,20
EPIGRAL,20
EPL,20
EQUAL50ADD,20
EQUITASBNK,20
ERIS,20
EROSMEDIA,20
ESABINDIA,20
ESAFSFB,20
ESFL,20
ESG,20
ESILVER,20
ESTER,20
ETHOSLTD,20
EUROBOND,20
EVEREADY,20
EVERESTIND,20
EXCELINDUS,20
EXICOM,20
EXPLEOSOL,20
EXXARO,20
FACT,20
FAIRCHEMOR,20
FAZE3Q,20
FCL,20
FDC,20
FEDFINA,20
FIBERWEB,20
FIDEL,20
FIEMIND,20
FILATEX,20
FILATFASH,20
FINCABLES,20
FINEORG,20
FINIETF,20
FINOPB,20
FINPIPE,20
FIVESTAR,20
FLUOROCHEM,20
FMCGIETF,20
FMGOETZE,20
FOCE,20
FOCUS,20
FONEBOX,20
FOODSIN,20
FORCEMOT,20
FORTIS,20
FOSECOIND,20
FSL,20
FUSION,20
GABRIEL,20
GAEL,20
GALAXYSURF,20
GANDHAR,20
GANDHITUBE,20
GANECOS,20
GANESHBE,20
GANGESSECU,20
GARFIBRES,20
GATEWAY,20
GEECEE,20
GEEKAYWIRE,20
GENESYS,20
GENUSPAPER,20
GEOJITFSL,20
GEPIL,20
GESHIP,20
GFLLIMITED,20
GHCL,20
GHCLTEXTIL,20
GICHSGFIN,20
GICRE,20
GILLETTE,20
GILT5YBEES,20
GIPCL,20
GLAND,20
GLAXO,20
GLOBALPET,20
GLOBUSSPR,20
GLOSTERLTD,20
GMBREW,20
GMDCLTD,20
GMMPFAUDLR,20
GNA,20
GOACARBON,20
GOCLCORP,20
GOCOLORS,20
GODFRYPHLP,20
GODIGIT,20
GODREJAGRO,20
GODREJIND,20
GOKEX,20
GOKULAGRO,20
GOLD1,20
GOLDBEES,20
GOLDCASE,20
GOLDETF,20
GOLDETFADD,20
GOLDIAM,20
GOLDIETF,20
GOLDSHARE,20
GOLDSTAR,20
GOODLUCK,20
GOYALSALT,20
GPIL,20
GPPL,20
GPTHEALTH,20
GRAPHITE,20
GRAVITA,20
GREAVESCOT,20
GREENCHEF,20
GREENLAM,20
GREENPANEL,20
GREENPLY,20
GRINDWELL,20
GRMOVER,20
GROBTEA,20
GRPLTD,20
GRWRHITECH,20
GSEC10IETF,20
GSEC10YEAR,20
GSEC5IETF,20
GSFC,20
GSPL,20
GTPL,20
GUFICBIO,20
GUJALKALI,20
GULFOILLUB,20
GULFPETRO,20
GULPOLY,20
HAPPSTMNDS,20
HARDWYN,20
HARIOMPIPE,20
HARSHA,20
HATHWAY,20
HATSUN,20
HBLPOWER,20
HCG,20
HDFCBSE500,20
HDFCGOLD,20
HDFCGROWTH,20
HDFCLIQUID,20
HDFCLOWVOL,20
HDFCMID150,20
HDFCMOMENT,20
HDFCNEXT50,20
HDFCNIF100,20
HDFCNIFBAN,20
HDFCNIFIT,20
HDFCNIFTY,20
HDFCPSUBK,20
HDFCPVTBAN,20
HDFCQUAL,20
HDFCSENSEX,20
HDFCSILVER,20
HDFCSML250,20
HDFCVALUE,20
HEALTHADD,20
HEALTHIETF,20
HEALTHY,20
HEG,20
HEIDELBERG,20
HEMIPROP,20
HERANBA,20
HERCULES,20
HERITGFOOD,20
HESTERBIO,20
HEUBACHIND,20
HFCL,20
HGINFRA,20
HGS,20
HIGHWAYS,20
HIGREEN,20
HIKAL,20
HIL,20
HIMATSEIDE,20
HINDCOMPOS,20
HINDOILEXP,20
HINDWAREAP,20
HISARMETAL,20
HITECH,20
HITECHCORP,20
HLEGLAS,20
HMVL,20
HNDFDS,20
HNGSNGBEES,20
HOLMARC,20
HOMEFIRST,20
HONASA,20
HONAUT,20
HONDAPOWER,20
HPAL,20
HRHNEXT,20
HTMEDIA,20
HUDCO,20
HUHTAMAKI,20
IBLFL,20
IBREALEST,20
IBULHSGFIN,20
IBULPP,20
ICEMAKE,20
ICICIB22,20
ICIL,20
ICRA,20
IDBI,20
IDEAFORGE,20
IDFNIFTYET,20
IFBAGRO,20
IFBIND,20
IFGLEXPOR,20
IGARASHI,20
IGPL,20
IIFL,20
IIFLSEC,20
IKIO,20
IMAGICAA,20
IMFA,20
IMPAL,20
INDBANK,20
INDGN,20
INDIAGLYCO,20
INDIANB,20
INDIANCARD,20
INDIANHUME,20
INDIASHLTR,20
INDIFRA,20
INDIGOPNTS,20
INDIGRID,20
INDINFR,20
INDNIPPON,20
INDOAMIN,20
INDOBORAX,20
INDOCO,20
INDORAMA,20
INDOSTAR,20
INDRAMEDCO,20
INDSWFTLAB,20
INDTERRAIN,20
INFIBEAM,20
INFINIUM,20
INFOBEAN,20
INFOLLION,20
INFRABEES,20
INFRAIETF,20
INGERRAND,20
INM,20
INNOVACAP,20
INNOVANA,20
INOXINDIA,20
INSECTICID,20
INTELLECT,20
INTENTECH,20
INTLCONV,20
IOB,20
IOLCP,20
IONEXCHANG,20
IPSL,20
IRB,20
IRBINVIT,20
IRBIT,20
IRCON,20
IREDA,20
IRFC,20
IRISDOREME,20
IRMENERGY,20
ISEC,20
ISFT,20
ISGEC,20
ISMTLTD,20
IT,20
ITALIANE,20
ITBEES,20
ITDCEM,20
ITETF,20
ITETFADD,20
ITI,20
ITIETF,20
IVP,20
IVZINGOLD,20
IVZINNIFTY,20
JAGRAN,20
JAGSNPHARM,20
JAMNAAUTO,20
JASH,20
JAYAGROGN,20
JAYBARMARU,20
JAYSREETEA,20
JBCHEPHARM,20
JBMA,20
JCHAC,20
JETFREIGHT,20
JFLLIFE,20
JGCHEM,20
JINDALPHOT,20
JINDALPOLY,20
JINDALSAW,20
JINDRILL,20
JINDWORLD,20
JIOFIN,20
JISLDVREQS,20
JISLJALEQS,20
JIWANRAM,20
J&KBANK,20
JKIL,20
JKLAKSHMI,20
JKPAPER,20
JKTYRE,20
JLHL,20
JMFINANCIL,20
JNKINDIA,20
JOCIL,20
JPOLYINVST,20
JSFB,20
JSL,20
JSWENERGY,20
JSWHL,20
JTEKTINDIA,20
JTLIND,20
JUBLINGREA,20
JUBLPHARMA,20
JUNIORBEES,20
JUSTDIAL,20
JWL,20
JYOTHYLAB,20
K2INFRA,20
KABRAEXTRU,20
KAJARIACER,20
KAKATCEM,20
KALAMANDIR,20
KALYANKJIL,20
KANDARP,20
KANORICHEM,20
KANPRPLA,20
KANSAINER,20
KARURVYSYA,20
KAYA,20
KAYNES,20
KCP,20
KCPSUGIND,20
KDDL,20
KEC,20
KEI,20
KEL,20
KELLTONTEC,20
KFINTECH,20
KHADIM,20
KHAICHEM,20
KHFM,20
KICL,20
KIMS,20
KINGFA,20
KIOCL,20
KIRIINDUS,20
KIRLOSBROS,20
KIRLOSENG,20
KIRLOSIND,20
KITEX,20
KKCL,20
KLL,20
KNAGRI,20
KNRCON,20
KOHINOOR,20
KOKUYOCMLN,20
KOLTEPATIL,20
KOPRAN,20
KORE,20
KOTARISUG,20
KOTHARIPET,20
KOTHARIPRO,20
KPIL,20
KPITTECH,20
KPRMILL,20
KRBL,20
KRISHANA,20
KRISHCA,20
KRISHNADEF,20
KRITI,20
KRITINUT,20
KRSNAA,20
KRYSTAL,20
KSB,20
KSCL,20
KSL,20
KSOLVES,20
KTKBANK,20
KTL,20
KUANTUM,20
LAMBODHARA,20
LANDMARK,20
LAOPALA,20
LAWSIKHO,20
LAXMICOT,20
LAXMIMACH,20
LEMERITE,20
LEMONTREE,20
LEXUS,20
LFIC,20
LGBBROSLTD,20
LIBAS,20
LICI,20
LICMFGOLD,20
LICNETFGSC,20
LICNETFN50,20
LICNETFSEN,20
LICNFNHGP,20
LICNMID100,20
LIKHITHA,20
LINC,20
LINCOLN,20
LINDEINDIA,20
LIQUID,20
LIQUID1,20
LIQUIDADD,20
LIQUIDCASE,20
LIQUIDETF,20
LIQUIDIETF,20
LIQUIDSBI,20
LLOYDSENGG,20
LLOYDSME,20
LODHA,20
LOVABLE,20
LOWVOL,20
LOWVOL1,20
LOWVOLIETF,20
LOYALTEX,20
LTFOODS,20
LTGILTBEES,20
LUMAXIND,20
LUMAXTECH,20
LUXIND,20
LXCHEM,20
LYKALABS,20
MAANALU,20
MADHAVBAUG,20
MADRASFERT,20
MAFANG,20
MAGADSUGAR,20
MAGSON,20
MAHABANK,20
MAHAPEXLTD,20
MAHASTEEL,20
MAHEPC,20
MAHESHWARI,20
MAHICKRA,20
MAHKTECH,20
MAHLIFE,20
MAHLOG,20
MAHSCOOTER,20
MAHSEAMLES,20
MAITHANALL,20
MAKEINDIA,20
MAL,20
MALLCOM,20
MANAKSIA,20
MANALIPETC,20
MANGALAM,20
MANGCHEFER,20
MANGLMCEM,20
MANINFRA,20
MANOMAY,20
MANYAVAR,20
MAPMYINDIA,20
MARALOVER,20
MARATHON,20
MARCO,20
MARINETRAN,20
MARKSANS,20
MASFIN,20
MASPTOP50,20
MASTEK,20
MASTER,20
MATRIMONY,20
MAWANASUG,20
MAXESTATES,20
MAXHEALTH,20
MAXPOSURE,20
MAYURUNIQ,20
MAZDA,20
MAZDOCK,20
MBAPL,20
MEDANTA,20
MEDIASSIST,20
MEDICAMEQ,20
MEDPLUS,20
MEGASTAR,20
MEGATHERM,20
MENONBE,20
METROBRAND,20
MGEL,20
MHHL,20
MHLXMIRU,20
MHRIL,20
MICROPRO,20
MID150BEES,20
MIDCAP,20
MIDCAPETF,20
MIDCAPIETF,20
MIDHANI,20
MIDQ50ADD,20
MIDSELIETF,20
MINDACORP,20
MINDSPACE,20
MMFL,20
MMP,20
MNC,20
MOGSEC,20
MOHEALTH,20
MOIL,20
MOL,20
MOLDTECH,20
MOLDTKPAC,20
MOLOWVOL,20
MOM100,20
MOM30IETF,20
MOM50,20
MOMENTUM,20
MOMOMENTUM,20
MON100,20
MONARCH,20
MONIFTY500,20
MONQ50,20
MONTECARLO,20
MOQUALITY,20
MOREALTY,20
MOREPENLAB,20
MOS,20
MOSMALL250,20
MOTILALOFS,20
MOVALUE,20
MOXSH,20
MPSLTD,20
MRPL,20
MSTCLTD,20
MSUMI,20
MTARTECH,20
MUFTI,20
MUKANDLTD,20
MUKKA,20
MUNJALSHOW,20
MURUDCERA,20
MUTHOOTCAP,20
MUTHOOTMF,20
MVKAGRO,20
MWL,20
NACLIND,20
NAHARCAP,20
NAHARINDUS,20
NAHARPOLY,20
NAHARSPING,20
NAMAN,20
NAM-INDIA,20
NATCOPHARM,20
NATHBIOGEN,20
NAVA,20
NAVINIFTY,20
NAVKARCORP,20
NAVNETEDUL,20
NAZARA,20
NBIFIN,20
NCC,20
NCLIND,20
NDL,20
NDLVENTURE,20
NDRAUTO,20
NDRINVIT,20
NDTV,20
NECCLTD,20
NECLIFE,20
NELCAST,20
NELCO,20
NEOGEN,20
NESCO,20
NETF,20
NEULANDLAB,20
NEWGEN,20
NEWJAISA,20
NEXT50,20
NEXT50IETF,20
NFL,20
NGIL,20
NGLFINE,20
NH,20
NHIT,20
NHPC,20
NIACL,20
NIDAN,20
NIF100BEES,20
NIF100IETF,20
NIF10GETF,20
NIF5GETF,20
NIFITETF,20
NIFMID150,20
NIFTY1,20
NIFTY50ADD,20
NIFTYBEES,20
NIFTYBETF,20
NIFTYETF,20
NIFTYIETF,20
NIFTYQLITY,20
NIITLTD,20
NIITMTS,20
NILKAMAL,20
NIPPOBATRY,20
NITINSPIN,20
NLCINDIA,20
NOCIL,20
NOVAAGRI,20
NPBET,20
NRAIL,20
NRBBEARING,20
NSIL,20
NSLNISP,20
NUCLEUS,20
NURECA,20
NUVAMA,20
NUVOCO,20
NV20,20
NV20BEES,20
NV20IETF,20
NXST,20
NYKAA,20
OAL,20
OBCL,20
OCCL,20
OIL,20
OLECTRA,20
OLIL,20
OMINFRAL,20
ONMOBILE,20
ONWARDTEC,20
OPTIEMUS,20
ORBTEXP,20
ORCHPHARMA,20
ORICONENT,20
ORIENTALTL,20
ORIENTBELL,20
ORIENTCEM,20
ORIENTELEC,20
ORIENTHOT,20
ORIENTPPR,20
ORISSAMINE,20
OSEINTRUST,20
OSWALGREEN,20
PAKKA,20
PALASHSECU,20
PANACEABIO,20
PANAMAPET,20
PAR,20
PARADEEP,20
PARAGMILK,20
PARAGON,20
PARAS,20
PARKHOTELS,20
PARTYCRUS,20
PASUPTAC,20
PATANJALI,20
PATELENG,20
PATINTLOG,20
PCBL,20
PDMJEPAPER,20
PDSL,20
PENIND,20
PENINLAND,20
PENTAGON,20
PFIZER,20
PFOCUS,20
PGEL,20
PGHH,20
PGHL,20
PGIL,20
PGINVIT,20
PHANTOMFX,20
PHARMABEES,20
PHOENIXLTD,20
PILANIINVS,20
PILITA,20
PITTIENG,20
PIXTRANS,20
PLADAINFO,20
PLASTIBLEN,20
PLATIND,20
PNBGILTS,20
PNBHOUSING,20
PNC,20
PNCINFRA,20
PODDARMENT,20
POKARNA,20
POLICYBZR,20
POLYMED,20
POLYPLEX,20
POLYSIL,20
PONNIERODE,20
POONAWALLA,20
POWERINDIA,20
POWERMECH,20
PPAP,20
PPLPHARMA,20
PRAJIND,20
PRAKASH,20
PRECAM,20
PRECISION,20
PRECWIRE,20
PREMIERPOL,20
PRESTIGE,20
PRICOLLTD,20
PRIMESECU,20
PRINCEPIPE,20
PRIVISCL,20
PROPEQUITY,20
PROV,20
PROZONER,20
PRSMJOHNSN,20
PRUDENT,20
PSB,20
PSPPROJECT,20
PSUBANK,20
PSUBANKADD,20
PSUBNKBEES,20
PSUBNKIETF,20
PTC,20
PTCIL,20
PTL,20
PUNJABCHEM,20
PURVFLEXI,20
PVSL,20
PVTBANIETF,20
PVTBANKADD,20
PYRAMID,20
QGOLDHALF,20
QNIFTY,20
QUAL30IETF,20
QUESS,20
QUICKHEAL,20
QUICKTOUCH,20
RACE,20
RADHIKAJWE,20
RADIANTCMS,20
RADICO,20
RADIOCITY,20
RADIOWALLA,20
RAILTEL,20
RAIN,20
RAINBOW,20
RAJESHEXPO,20
RAJRATAN,20
RAJSREESUG,20
RALLIS,20
RAMAPHO,20
RAMASTEEL,20
RAMCOIND,20
RAMRAT,20
RANASUG,20
RANEHOLDIN,20
RATEGAIN,20
RATNAMANI,20
RATNAVEER,20
RAYMOND,20
RBA,20
RBL,20
RBS,20
RCDL,20
RCF,20
REDINGTON,20
REDTAPE,20
RELAXO,20
RELCHEMQ,20
RELIGARE,20
REMUS,20
RENUKA,20
REPCOHOME,20
REPL,20
REPRO,20
RESPONIND,20
RGL,20
RHIM,20
RICOAUTO,20
RIIL,20
RISHABH,20
RITCO,20
RITES,20
RITEZONE,20
RKFORGE,20
RKSWAMY,20
RML,20
ROHLTD,20
ROLEXRINGS,20
ROSSARI,20
ROSSELLIND,20
ROTO,20
ROUTE,20
ROXHITECH,20
RPGLIFE,20
RPSGVENT,20
RPTECH,20
RRKABEL,20
RSWM,20
RSYSTEMS,20
RTNINDIA,20
RUBYMILLS,20
RUCHIRA,20
RUPA,20
RUSHIL,20
RVNL,20
SAAKSHI,20
SADHAV,20
SADHNANIQ,20
SAFARI,20
SAGCEM,20
SAH,20
SAHAJ,20
SAHYADRI,20
SAIFL,20
SAKAR,20
SAKHTISUG,20
SAKSOFT,20
SAKUMA,20
SALONA,20
SAMHI,20
SANDESH,20
SANDHAR,20
SANGAMIND,20
SANGANI,20
SANGHVIMOV,20
SANOFI,20
SANSERA,20
SAPPHIRE,20
SARDAEN,20
SAREGAMA,20
SAROJA,20
SASKEN,20
SASTASUNDR,20
SATIA,20
SATIN,20
SATINDLTD,20
SAURASHCEM,20
SBCL,20
SBFC,20
SBGLP,20
SBIETFCON,20
SBIETFIT,20
SBIETFPB,20
SBIETFQLTY,20
SCHAEFFLER,20
SCHAND,20
SCI,20
SCPL,20
SDBL,20
SDL24BEES,20
SDL26BEES,20
SECURCRED,20
SEITINVIT,20
SELAN,20
SENCO,20
SENSEXADD,20
SENSEXETF,20
SENSEXIETF,20
SEQUENT,20
SERVICE,20
SESHAPAPER,20
SETF10GILT,20
SETFGOLD,20
SETFNIF50,20
SETFNIFBK,20
SETFNN50,20
SFL,20
SGIL,20
SHAILY,20
SHALBY,20
SHANKARA,20
SHANTHALA,20
SHANTIGEAR,20
SHARDACROP,20
SHARDAMOTR,20
SHAREINDIA,20
SHAREINDIA,20
SHARIABEES,20
SHEMAROO,20
SHERA,20
SHILPAMED,20
SHIVALIK,20
SHIVAMILLS,20
SHK,20
SHOPERSTOP,20
SHRADHA,20
SHREDIGCEM,20
SHREEKARNI,20
SHREEOSFM,20
SHREEPUSHK,20
SHREMINVIT,20
SHREYANIND,20
SHREYAS,20
SHRIPISTON,20
SHRIRAMPPS,20
SHRITECH,20
SHYAMMETL,20
SIGACHI,20
SIGIND,20
SIGMA,20
SIGNATURE,20
SIGNORIA,20
SIGNPOST,20
SILGO,20
SILINV,20
SILVER,20
SILVER1,20
SILVERADD,20
SILVERBEES,20
SILVERETF,20
SILVERIETF,20
SILVERTUC,20
SILVRETF,20
SIMBHALS,20
SINCLAIR,20
SINTERCOM,20
SIRCA,20
SIS,20
SIYSIL,20
SJS,20
SJVN,20
SKFINDIA,20
SKIPPER,20
SKIPPERPP,20
SKMEGGPROD,20
SKP,20
SLONE,20
SMALLCAP,20
SMCGLOBAL,20
SMSLIFE,20
SMSPHARMA,20
SNOWMAN,20
SOBHA,20
SOLARINDS,20
SOMANYCERA,20
SONACOMS,20
SONAMAC,20
SONAMLTD,20
SONATSOFTW,20
SOTAC,20
SOTL,20
SOUTHBANK,20
SPAL,20
SPANDANA,20
SPCENET,20
SPECIALITY,20
SPECTSTM,20
SPENCERS,20
SPIC,20
SPLIL,20
SPLPETRO,20
SPORTKING,20
SREEL,20
SRGHFL,20
SRHHYPOLTD,20
SRIVASAVI,20
SRM,20
SSWL,20
STAR,20
STARCEMENT,20
STARHEALTH,20
STARPAPER,20
STCINDIA,20
STEELCAS,20
STEELCITY,20
STEL,20
STERTOOLS,20
STLTECH,20
STOVEKRAFT,20
STYLAMIND,20
STYRENIX,20
SUBEXLTD,20
SUBROS,20
SUDARSCHEM,20
SUKHJITS,20
SULA,20
SUMICHEM,20
SUMMITSEC,20
SUNCLAY,20
SUNDARAM,20
SUNDARMFIN,20
SUNDARMHLD,20
SUNDRMBRAK,20
SUNDRMFAST,20
SUNFLAG,20
SUNREST,20
SUNTECK,20
SUPERHOUSE,20
SUPRAJIT,20
SUPREMEIND,20
SUPRIYA,20
SURAJEST,20
SURYALAXMI,20
SURYAROSNI,20
SURYODAY,20
SUTLEJTEX,20
SUVENPHAR,20
SWARAJENG,20
SWASTIK,20
SYMPHONY,20
SYNOPTICS,20
SYRMA,20
SYSTANGO,20
TAINWALCHM,20
TAJGVK,20
TALBROAUTO,20
TANLA,20
TARC,20
TARSONS,20
TASTYBITE,20
TATAELXSI,20
TATAGOLD,20
TATAMTRDVR,20
TATATECH,20
TATSILV,20
TATVA,20
TBOTEK,20
TBZ,20
TCI,20
TCIEXP,20
TCNSBRANDS,20
TCPLPACK,20
TDPOWERSYS,20
TEAMLEASE,20
TECH,20
TECHNOE,20
TEGA,20
TEMBO,20
TERASOFT,20
TEXINFRA,20
TEXMOPIPES,20
TEXRAIL,20
THEJO,20
THEMISMED,20
THERMAX,20
THYROCARE,20
TI,20
TIDEWATER,20
TIIL,20
TIINDIA,20
TIMETECHNO,20
TIMKEN,20
TIPSINDLTD,20
TIRUMALCHM,20
TITAGARH,20
TMB,20
TNIDETF,20
TNPETRO,20
TNPL,20
TOKYOPLAST,20
TORNTPOWER,20
TOTAL,20
TRACXN,20
TRANSTEEL,20
TREL,20
TRIDENT,20
TRIDHYA,20
TRIGYN,20
TRITURBINE,20
TRIVENI,20
TRU,20
TTKHLTCARE,20
TTKPRESTIG,20
TTL,20
TTML,20
TVSELECT,20
TVSHLTD,20
TVSSCS,20
TVSSRICHAK,20
TVTODAY,20
UCAL,20
UCL,20
UCOBANK,20
UDAICEMENT,20
UDS,20
UFLEX,20
UFO,20
UGARSUGAR,20
UGROCAP,20
UJJIVANSFB,20
UMA,20
UMANGDAIRY,20
UNICHEMLAB,20
UNIDT,20
UNIENTER,20
UNIHEALTH,20
UNIONBANK,20
UNIPARTS,20
UNITEDPOLY,20
UNITEDTEA,20
UNIVCABLES,20
UNIVPHOTO,20
UNOMINDA,20
USASEEDS,20
USHAMART,20
USK,20
UTIAMC,20
UTIBANKETF,20
UTINEXT50,20
UTINIFTETF,20
UTISENSETF,20
UTISXN50,20
UTKARSHBNK,20
UTTAMSUGAR,20
VADILALIND,20
VAIBHAVGBL,20
VAISHALI,20
VAKRANGEE,20
VALIANTLAB,20
VALIANTORG,20
VARDHACRLC,20
VARROC,20
VASCONEQ,20
VBL,20
VENKEYS,20
VENUSPIPES,20
VENUSREM,20
VERANDA,20
VESUVIUS,20
VETO,20
VGUARD,20
VHL,20
VIDHIING,20
VIJAYA,20
VIKASECO,20
VILINBIO,20
VIMTALABS,20
VINATIORGA,20
VINDHYATEL,20
VINEETLAB,20
VINSYS,20
VINYAS,20
VINYLINDIA,20
VIPCLOTHNG,20
VIPIND,20
VIRINCHI,20
VISHNU,20
VISHWARAJ,20
VISHWAS,20
VITAL,20
VLSFINANCE,20
VMART,20
VOLTAMP,20
VPRPL,20
VR,20
VRLLOG,20
VSSL,20
VSTIND,20
VSTTILLERS,20
VTL,20
WABAG,20
WEALTH,20
WEIZMANIND,20
WELCORP,20
WELENT,20
WELSPUNLIV,20
WENDT,20
WESTLIFE,20
WHEELS,20
WHIRLPOOL,20
WILLAMAGOR,20
WINDLAS,20
WINDMACHIN,20
WONDERLA,20
WORTH,20
WSI,20
WSTCSTPAPR,20
WTICAB,20
XCHANGING,20
XPROINDIA,20
YASHO,20
YASHOPTICS,20
YATHARTH,20
YATRA,20
YCCL,20
YESBANK,20
ZAGGLE,20
ZEAL,20
ZEEMEDIA,20
ZENITHDRUG,20
ZENSARTECH,20
ZFCVINDIA,20
ZIMLAB,20
ZODIACLOTH,20
ZOMATO,20
ZOTA,20
ZUARI,20
ZUARIIND,20
ZYDUSWELL,20
AJOONI-RE1,
